CustomerID,TotalAmountSpent,Days_since_last_transaction,Days_since_first_transaction,Books,Clothing,Electronics,Furniture,Groceries
1,416.5,279,279,0,0,1,0,0
2,1547.4199999999998,42,356,0,2,3,1,1
3,1702.98,84,323,1,1,0,2,2
4,917.29,4,223,0,1,2,1,1
5,2001.49,10,313,0,0,3,2,3
6,1164.29,63,181,1,1,1,2,0
7,86.73,68,68,1,0,0,0,0
8,2046.88,52,296,2,2,1,2,0
9,1317.24,73,352,0,2,1,0,2
10,1397.36,61,346,0,1,1,3,2
11,1733.83,17,305,3,0,0,0,2
12,87.1,59,59,0,0,1,0,0
13,392.02,95,161,1,1,1,0,0
14,2843.59,53,348,1,1,0,3,4
15,1914.02,15,345,2,1,1,2,2
16,2019.79,17,161,4,1,1,3,0
17,1625.27,37,211,1,1,2,1,2
18,951.3800000000001,123,351,2,0,0,2,1
19,1017.26,9,236,0,1,0,3,1
20,2775.85,14,332,1,3,1,1,3
21,913.02,151,318,3,0,0,0,2
22,1582.73,73,333,1,1,0,3,1
23,1490.74,54,346,2,0,0,0,2
24,1143.22,19,323,1,2,0,1,1
25,764.77,85,115,1,0,0,0,2
26,571.76,3,153,1,1,0,1,0
27,2210.6,51,361,1,2,2,1,2
28,1702.26,13,359,1,0,4,1,0
29,853.0699999999999,98,313,1,2,0,0,0
30,706.66,105,232,1,0,1,0,0
31,1108.56,22,352,2,2,0,1,0
32,1225.52,88,305,1,1,1,0,2
33,689.0,54,146,0,1,0,0,1
34,1886.4,9,357,1,4,2,2,0
35,779.8399999999999,114,272,1,0,1,1,0
36,1321.5500000000002,65,304,1,1,3,0,1
37,3166.88,24,359,1,4,0,3,1
38,874.86,26,311,1,0,0,0,2
39,1191.94,20,269,0,0,2,2,1
40,1578.3500000000001,151,354,0,0,2,2,3
41,363.22,319,328,0,1,0,1,0
42,530.61,71,261,2,0,0,0,1
43,2213.63,59,306,1,3,1,0,2
44,687.8199999999999,38,328,0,0,1,0,2
45,300.42,8,8,0,0,0,0,1
46,134.67,133,133,0,0,1,0,0
47,1466.37,42,276,1,1,1,3,1
48,1597.29,22,224,2,1,2,1,1
49,641.48,207,305,1,0,1,0,1
50,1514.62,22,356,0,1,0,1,2
51,549.86,164,282,1,0,1,1,0
52,401.25,317,317,0,0,0,0,1
53,1255.34,3,293,2,1,0,1,3
54,461.21000000000004,180,201,1,0,0,0,1
55,1129.35,116,357,0,2,0,2,1
56,1443.46,16,228,2,1,1,0,1
57,597.75,33,313,1,0,1,0,1
58,2215.82,43,315,1,3,1,0,1
59,292.51,30,159,0,0,2,1,0
60,781.09,11,332,1,1,1,0,1
61,678.97,81,343,0,0,2,1,0
62,840.0,35,361,1,1,1,0,1
63,2205.11,18,301,1,1,1,4,2
64,965.21,13,243,0,1,1,1,0
65,1359.8899999999999,44,171,0,0,2,1,2
66,1409.11,10,347,1,2,2,0,3
67,701.76,52,329,1,3,0,0,0
68,886.4799999999999,55,233,1,1,1,0,1
69,1038.53,27,289,2,1,0,1,0
70,2453.98,18,361,1,2,1,3,0
71,474.59000000000003,58,356,0,1,0,0,2
72,1080.4,39,346,0,3,2,0,1
73,2254.22,45,355,0,4,3,0,2
74,2083.79,126,280,1,3,1,2,1
75,769.97,0,130,1,1,1,1,0
76,883.92,24,295,2,2,0,0,0
77,1797.06,27,354,2,4,0,2,0
78,816.89,259,305,0,1,0,0,2
79,931.3199999999999,17,358,2,0,0,1,0
80,110.82,270,270,0,0,0,1,0
81,2181.77,122,341,2,2,0,2,2
82,232.38,333,333,0,1,0,0,0
83,1419.9199999999998,77,357,1,2,1,0,2
84,1545.91,16,338,1,1,0,2,1
85,1690.08,25,290,2,2,0,2,3
86,1674.6599999999999,29,295,0,3,1,0,3
87,1411.84,5,158,1,2,1,1,0
88,447.34000000000003,140,338,0,1,0,0,1
89,1951.99,80,300,0,1,3,1,2
90,1229.96,1,357,2,2,0,1,1
91,1804.74,64,362,3,2,1,2,1
92,2265.28,22,211,1,1,1,2,3
93,848.07,21,212,2,0,1,0,2
94,1113.6100000000001,2,241,0,0,1,2,0
95,677.27,54,325,0,1,0,1,1
96,161.84,129,129,0,0,1,0,0
97,553.65,111,249,0,0,0,2,0
98,893.76,50,351,1,1,2,0,1
99,889.75,52,340,1,1,1,0,2
100,1108.56,4,317,0,2,0,0,2
101,492.35,206,206,0,0,0,0,1
102,2029.96,1,317,0,1,2,1,2
103,2297.73,11,364,2,2,2,3,0
104,2666.84,12,338,0,2,5,1,1
105,1863.6,11,334,0,2,0,4,2
106,875.08,32,355,0,1,0,1,1
107,1542.76,35,311,1,2,0,2,1
108,494.30999999999995,74,193,1,1,0,0,0
109,1274.7,7,337,2,1,1,1,1
110,723.0,48,155,1,1,1,0,0
111,613.1800000000001,83,349,1,0,0,1,0
112,750.17,2,345,1,1,0,1,0
113,1834.01,73,350,2,1,2,2,0
114,2133.28,27,360,2,2,2,1,1
115,653.62,100,288,1,2,1,1,0
116,1504.28,11,314,4,0,2,1,0
117,448.48,4,259,0,1,1,0,0
118,1625.39,13,340,1,2,2,1,0
119,2012.3300000000002,57,333,1,2,1,1,3
120,1168.79,2,236,3,0,2,0,1
121,1073.01,39,316,1,1,0,2,1
122,2825.52,15,285,1,2,2,1,3
123,938.58,15,194,0,0,1,0,2
124,2283.88,34,294,2,2,2,1,0
125,744.89,123,220,0,0,1,0,1
126,2323.02,49,317,1,4,0,1,3
127,1976.17,0,308,0,1,1,3,3
128,630.2,239,280,1,1,0,0,0
129,243.55,32,285,1,0,0,0,1
130,552.23,54,270,0,0,2,0,0
131,2726.7,87,277,2,1,3,1,1
132,1879.94,73,352,1,1,3,1,3
133,896.27,124,361,0,0,2,0,2
134,1570.08,2,323,0,2,1,1,2
135,441.75,221,310,1,0,1,0,0
136,419.86,1,137,1,0,0,1,0
137,431.47,195,195,0,0,1,0,0
138,2804.65,82,349,2,3,2,1,0
139,2045.49,162,314,0,2,5,0,0
140,1024.23,110,142,0,2,0,0,1
141,2483.75,27,293,0,2,2,1,2
142,1391.99,31,214,2,2,0,0,1
143,343.27,298,310,2,0,0,0,0
144,419.85,65,65,0,0,1,0,0
145,1768.7,13,277,4,0,0,1,0
146,1373.73,7,191,0,2,1,1,1
147,2260.34,34,340,1,4,0,1,2
148,13.04,28,28,0,0,0,0,1
149,444.84,247,247,1,0,0,0,0
150,1193.26,18,331,2,2,2,1,1
151,334.2,11,11,0,0,0,1,0
152,1448.8,18,338,0,0,2,3,2
153,1735.16,82,300,1,1,0,1,2
154,1753.55,139,351,4,1,2,0,0
155,1883.08,73,309,1,3,2,0,2
156,702.9200000000001,189,351,3,0,1,1,2
157,2412.6800000000003,52,339,1,2,0,1,3
158,1471.29,71,330,2,1,1,2,1
159,25.75,276,276,0,0,1,0,0
160,2053.13,18,343,2,0,2,2,2
161,1983.84,121,276,0,1,3,1,1
162,425.88,137,214,1,1,0,1,0
163,1064.88,24,320,1,1,1,0,0
164,955.49,73,359,2,1,0,2,0
165,181.34,85,85,0,1,0,0,0
166,1241.5,23,351,1,0,1,3,0
167,2356.35,4,364,2,1,1,2,2
168,1126.93,224,338,1,0,2,1,0
169,2164.75,16,350,1,1,0,6,1
170,1448.33,9,336,3,2,1,0,1
171,2532.71,101,358,2,1,1,1,2
172,1972.76,35,358,0,0,2,3,1
173,606.09,82,222,2,0,1,0,0
174,1801.46,23,316,4,1,1,1,0
175,1218.9,62,315,3,0,2,1,1
176,936.78,13,361,1,3,0,1,1
177,429.79,110,110,0,0,1,0,0
178,741.63,16,172,0,1,0,0,2
179,412.58000000000004,312,320,0,0,1,0,1
180,1985.93,19,280,2,1,1,0,3
181,715.6800000000001,20,37,0,2,0,0,0
182,1491.65,69,355,1,1,2,1,0
183,1135.44,69,190,0,0,0,0,3
184,97.19,96,330,0,0,0,1,1
185,1284.89,14,270,0,2,1,1,2
186,460.87,200,337,0,1,0,2,0
187,513.26,50,254,1,1,0,0,0
188,1768.25,30,324,1,1,1,2,1
189,574.4699999999999,180,219,1,1,0,1,0
190,1417.97,59,364,1,0,2,0,4
191,1942.65,46,338,1,1,2,1,2
192,1172.53,23,256,0,0,2,1,0
193,270.34,155,155,0,1,0,0,0
194,1388.97,110,340,1,2,0,2,0
195,1711.71,175,326,2,0,2,0,2
196,2134.16,9,364,1,1,3,1,2
197,925.4300000000001,23,327,2,0,1,1,0
198,1461.25,38,291,4,1,1,1,0
199,1270.25,40,334,2,0,3,0,1
200,1702.06,57,346,1,0,0,2,3
201,956.5799999999999,290,345,1,1,0,0,1
202,336.18,200,200,0,0,1,0,0
203,1767.9,13,317,1,0,2,2,1
204,454.14,138,169,1,0,0,1,0
205,741.9699999999999,7,326,1,1,0,0,2
206,99.58,109,109,0,1,0,0,0
207,1799.17,35,332,2,1,2,0,3
208,436.89,293,357,0,2,0,0,0
209,1328.06,26,272,0,1,1,1,1
210,1727.27,73,291,0,2,2,1,2
211,1222.21,14,341,2,2,0,2,0
212,1047.61,3,234,1,1,2,1,2
213,2092.89,6,363,1,0,5,0,1
214,734.1,295,341,1,0,1,0,0
215,1343.7,16,265,2,2,0,1,1
216,1570.8600000000001,74,316,0,2,2,0,1
217,2576.78,36,315,1,3,1,3,0
218,1766.57,13,363,2,2,1,0,2
219,1624.32,86,288,0,1,0,2,1
220,1030.46,158,333,1,0,2,0,0
221,1277.29,241,352,1,0,1,2,0
222,1702.45,19,315,2,0,1,1,3
223,1736.26,49,257,0,2,1,0,3
224,2520.32,39,332,1,1,1,2,3
225,2650.29,7,300,3,0,4,1,0
226,1461.18,15,293,1,3,1,2,0
227,1250.35,11,331,1,2,2,1,1
228,2185.36,178,356,3,0,1,1,1
229,2559.03,111,310,2,3,0,2,2
230,1468.07,35,346,2,3,1,0,0
231,1353.42,5,203,2,1,0,0,1
232,2082.19,55,343,0,1,2,3,2
233,817.4200000000001,47,318,1,1,1,0,0
234,1576.7,91,347,1,1,2,2,2
235,770.5,94,281,0,0,3,0,0
236,1482.99,13,304,0,2,3,1,0
237,398.99,333,333,0,0,1,0,0
238,762.4399999999999,63,318,1,0,0,0,2
239,2654.84,19,341,2,0,5,2,0
240,859.47,35,360,0,0,0,0,2
241,2185.9300000000003,96,361,2,4,2,0,1
242,726.73,46,309,0,1,1,0,1
243,2362.18,40,356,3,3,1,0,2
244,1649.9,23,278,0,3,2,1,1
245,2965.09,50,351,2,2,1,2,2
246,1171.1399999999999,34,190,0,2,1,1,0
247,1887.6799999999998,86,357,0,4,2,0,1
248,1519.1399999999999,40,202,1,1,0,2,1
249,356.39,338,338,1,0,0,0,0
250,1607.36,3,358,1,1,2,1,2
251,1968.79,26,349,2,1,1,2,1
252,980.71,156,306,0,1,0,0,3
253,1319.11,30,340,1,2,1,1,0
254,2220.26,22,355,2,1,3,2,1
255,2672.69,3,319,2,1,1,3,0
256,208.67,85,85,0,0,0,0,1
257,92.62,343,343,0,0,0,1,0
258,832.85,55,318,0,1,0,0,3
259,1469.67,70,356,2,1,1,2,0
260,2395.72,61,301,1,2,1,3,1
261,489.07,214,214,0,1,0,0,0
262,2940.59,26,346,2,2,1,2,2
263,13.04,51,51,0,0,0,0,1
264,525.02,161,249,1,0,1,0,0
265,1511.8700000000001,125,315,1,1,0,1,2
266,459.39,254,254,1,0,0,0,0
267,461.36,38,272,1,1,1,0,0
268,1096.16,48,330,2,1,2,0,0
269,2123.87,19,280,3,1,3,2,0
270,734.74,37,325,1,0,0,2,0
271,865.97,6,332,1,0,1,1,0
272,1170.04,103,348,4,1,1,0,2
273,1562.83,28,254,2,3,2,0,0
274,1117.33,132,357,1,1,1,1,0
275,605.79,208,363,0,1,0,0,2
276,2069.7,92,293,3,0,1,1,2
277,1217.78,55,341,0,1,3,1,1
278,1423.1,130,309,2,1,0,1,1
279,1209.94,192,351,1,2,0,1,0
280,836.33,45,236,2,0,1,1,0
281,1563.95,105,331,1,1,1,3,2
282,2016.68,27,257,1,0,2,1,1
283,1362.8600000000001,21,250,0,1,0,4,0
284,1683.1299999999999,155,332,0,1,2,1,2
285,1026.5900000000001,16,357,1,0,1,1,2
286,512.1899999999999,24,298,1,0,0,1,0
287,615.0699999999999,17,29,1,1,0,0,0
288,2217.85,33,312,1,3,2,1,1
289,30.48,206,206,0,0,0,0,1
290,403.33,6,6,0,0,1,0,0
291,1572.74,76,230,1,2,0,2,1
292,2429.7,11,332,1,2,1,2,2
293,209.68,246,246,0,0,1,0,0
294,1882.08,30,313,2,0,0,3,1
295,960.99,117,279,2,0,0,1,0
296,261.24,207,207,0,0,0,1,0
297,1714.0900000000001,99,354,1,1,1,1,4
298,1305.25,156,315,2,0,2,1,1
299,9.8,40,40,0,0,0,0,1
300,926.5300000000001,148,280,0,1,0,1,2
301,1298.95,19,263,2,1,2,0,1
302,925.58,91,304,1,1,0,2,0
303,948.96,237,361,0,1,2,0,0
304,695.73,105,172,0,1,0,1,1
305,288.26,197,197,0,0,0,0,1
306,2285.6,25,361,4,1,1,2,1
307,1416.68,12,270,2,1,0,1,0
308,1791.69,13,315,1,0,1,2,3
309,1400.5,62,325,2,2,0,0,1
310,1058.14,17,243,1,1,0,2,0
311,592.9,97,312,1,1,0,2,1
312,283.16,283,355,0,1,0,1,0
313,34.91,68,68,0,0,0,1,0
314,536.29,67,136,1,0,0,0,1
315,601.31,51,276,0,1,0,1,0
316,649.71,98,363,1,3,1,2,1
317,467.83,172,354,1,0,0,1,1
318,2145.44,10,361,1,1,1,2,3
319,477.46,138,138,1,0,0,0,0
320,823.75,12,179,0,0,1,0,1
321,2007.24,26,340,0,1,3,3,2
322,61.98,211,211,0,0,1,0,0
323,839.3,20,352,1,2,0,1,0
324,1369.7,59,331,2,1,1,0,2
325,553.79,38,73,0,1,0,1,0
326,605.89,107,271,2,0,0,0,1
327,403.37,2,253,0,1,0,0,1
328,848.26,33,327,1,0,2,0,2
329,2361.19,36,330,2,1,0,2,3
330,2582.54,43,350,2,1,1,3,2
331,908.3199999999999,10,223,1,1,1,1,1
332,1577.44,71,311,2,0,0,0,3
333,2439.39,52,259,1,1,4,0,1
334,1719.37,39,298,1,0,1,1,3
335,756.52,24,165,1,1,0,0,0
336,135.94,11,11,0,0,0,1,0
337,608.06,6,110,0,0,0,0,2
338,13.86,31,31,0,0,0,0,1
339,682.9399999999999,34,300,1,0,1,0,2
340,1147.08,53,272,1,0,2,2,1
341,1022.86,90,279,2,0,1,1,2
342,2295.76,37,341,0,0,3,4,0
343,924.63,191,343,0,1,1,0,1
344,1466.6,56,246,2,2,0,0,2
345,1980.5,130,349,2,2,2,2,0
346,1641.62,32,295,0,2,3,1,0
347,1974.45,10,309,1,2,1,4,1
348,704.7,220,305,1,0,0,1,0
349,1376.54,103,354,2,1,2,0,1
350,2702.27,6,300,3,1,2,2,1
351,588.68,134,212,1,0,0,0,1
352,1493.9,60,304,3,1,1,0,0
353,266.08,291,291,0,0,1,0,0
354,324.4,243,346,2,0,0,1,0
355,368.57,280,280,0,1,0,0,0
356,2316.37,17,359,1,3,1,2,1
357,780.1800000000001,24,278,2,0,1,1,0
358,2282.8900000000003,11,254,3,1,2,2,1
359,2154.17,66,320,1,1,3,1,2
360,1731.26,32,343,0,3,1,1,3
361,2348.41,6,339,0,3,3,0,3
362,469.14,57,295,0,0,0,1,1
363,1514.16,64,359,3,2,2,2,0
364,286.8,246,246,0,1,0,0,0
365,1188.8400000000001,20,311,2,0,3,1,2
366,2518.16,1,361,4,0,2,1,1
367,2197.79,2,253,1,2,2,1,1
368,1939.2,17,293,4,0,1,1,0
369,3352.34,23,322,2,0,2,4,1
370,1239.81,9,337,2,1,0,1,2
371,1454.45,3,323,0,1,1,1,2
372,35.85,189,189,0,0,0,0,1
373,267.09,236,241,1,0,0,1,0
374,2143.59,20,332,4,2,0,1,2
375,133.2,263,263,0,0,0,0,1
376,1143.8,38,337,1,1,1,0,1
377,2366.3,6,364,2,0,2,1,3
378,1333.6,31,333,2,0,1,0,1
379,1582.08,109,345,2,1,0,2,3
380,1172.66,86,345,1,1,0,3,1
381,1087.62,47,183,1,0,2,1,0
382,2467.11,16,326,2,0,2,4,1
383,800.5600000000001,85,334,0,2,0,0,2
384,339.16999999999996,311,314,0,1,0,1,0
385,1338.28,225,347,0,0,2,1,1
386,773.11,162,326,0,1,1,1,1
387,47.52,5,5,0,1,0,0,0
388,1787.4199999999998,34,344,2,1,2,2,1
389,522.89,123,321,0,0,1,2,0
390,281.95,43,43,0,0,0,1,0
391,1990.15,55,333,3,3,0,1,0
392,1533.34,14,340,1,0,2,0,4
393,1960.83,86,341,3,1,0,1,3
394,2346.48,6,241,1,3,1,3,0
395,680.27,14,133,0,1,1,0,0
396,865.73,25,137,0,0,0,2,1
397,2322.98,14,326,1,1,0,3,4
398,1678.1200000000001,35,326,1,1,0,1,3
399,568.35,4,224,1,0,0,1,0
400,2309.85,37,364,3,2,0,1,2
401,1273.3600000000001,56,364,1,0,1,2,0
402,609.5799999999999,186,305,1,0,1,0,0
403,1645.76,14,316,1,1,1,3,1
404,2787.1,14,337,3,0,1,1,4
405,508.49,73,354,0,0,0,2,1
406,2017.78,113,303,0,1,1,2,4
407,2722.74,23,354,1,0,4,2,2
408,2101.4,33,284,0,2,2,1,2
409,1524.8400000000001,49,296,0,1,3,3,2
410,1426.2,77,326,1,1,1,1,2
411,87.02,257,257,0,1,0,0,0
412,184.86,317,317,0,1,0,0,0
413,1592.6100000000001,215,350,2,1,0,1,1
414,1497.89,17,297,1,1,3,2,0
415,354.64,173,173,0,1,0,0,0
416,1442.26,55,309,2,1,0,1,1
417,873.63,65,179,0,0,2,0,1
418,1282.72,76,305,1,0,2,0,0
419,1254.4299999999998,50,246,0,2,0,2,1
420,2140.54,73,353,2,1,1,3,1
421,594.4200000000001,25,67,1,0,0,1,0
422,1770.89,9,294,2,2,1,1,1
423,1329.4499999999998,32,351,0,4,1,0,0
424,965.41,86,354,0,0,3,3,1
425,1768.53,89,319,2,0,6,0,1
426,1465.9299999999998,40,342,1,2,0,3,1
427,521.56,28,251,1,0,0,1,1
428,2414.15,203,313,3,1,1,1,2
429,1361.3899999999999,11,354,1,0,0,3,1
430,148.98,39,39,0,0,0,1,0
431,233.87,22,257,0,1,0,1,0
432,1834.48,31,309,2,2,0,1,2
433,1302.43,84,222,0,0,3,1,1
434,41.19,215,215,0,0,1,0,0
435,488.45,334,334,1,0,0,0,0
436,543.99,119,257,1,1,0,1,0
437,1698.21,39,362,2,2,2,0,2
438,2131.01,25,351,0,3,2,1,1
439,1373.54,39,320,2,0,3,0,2
440,1920.61,24,350,3,1,1,3,0
441,2560.36,0,274,1,2,2,0,3
442,412.55,93,93,0,0,1,0,0
443,1115.64,122,314,1,1,2,0,1
444,387.51,21,39,2,0,0,0,0
445,1002.46,65,319,2,1,1,1,0
446,1516.93,110,350,1,2,1,0,2
447,169.69,1,1,0,1,0,0,0
448,1461.03,24,362,1,0,2,1,3
449,1460.65,89,242,0,1,0,2,2
450,1527.63,14,248,1,1,1,1,1
451,364.46,136,156,0,0,0,1,1
452,2341.48,23,322,3,0,1,0,4
453,346.54,154,154,0,0,1,0,0
454,472.88,5,96,1,1,0,0,0
455,565.79,13,241,0,1,0,1,1
456,2402.0,38,335,3,2,3,0,1
457,1730.33,74,355,4,1,1,2,0
458,2767.15,93,275,1,2,1,3,2
459,62.87,98,98,0,0,0,0,1
460,336.72,241,241,1,0,0,0,0
461,449.87,346,346,0,0,1,0,0
462,391.36,228,306,0,1,0,1,1
463,1668.22,23,342,0,1,2,4,0
464,2166.33,31,348,2,4,1,1,1
465,1217.08,1,216,2,1,0,0,1
466,1918.1599999999999,65,318,0,2,2,2,2
467,1104.21,34,318,1,2,0,0,1
468,818.31,219,354,0,1,2,1,0
469,1626.7,15,287,1,1,2,2,0
470,1916.68,37,288,1,2,1,1,1
471,1109.17,119,330,1,2,1,0,1
472,2217.2799999999997,1,362,3,1,1,2,2
473,251.45999999999998,8,287,1,0,0,1,1
474,2460.07,4,257,2,2,2,0,3
475,1635.1299999999999,59,353,3,0,2,1,0
476,2145.93,53,311,0,2,0,4,2
477,806.96,27,354,0,1,2,2,1
478,1615.8400000000001,45,356,0,3,1,1,0
479,1184.28,56,331,1,0,2,1,1
480,1351.01,41,271,3,3,1,0,1
481,3386.04,153,331,6,0,2,1,0
482,2624.42,86,306,0,3,4,0,2
483,1262.48,59,364,0,2,2,1,1
484,988.39,45,312,0,2,1,0,4
485,2129.71,11,311,2,1,1,1,2
486,758.73,60,271,0,0,1,2,1
487,1624.23,7,290,2,1,2,2,0
488,393.84,93,93,1,0,0,0,0
489,1101.11,41,334,0,3,0,1,2
490,2063.08,41,257,1,1,1,2,2
491,1483.12,54,270,1,0,1,3,1
492,1491.8,12,290,1,2,0,0,2
493,976.0,29,278,1,0,2,1,0
494,269.73,214,214,0,0,1,0,0
495,1738.1399999999999,23,328,1,1,1,2,1
496,216.79,223,258,1,0,0,0,1
497,1554.77,17,276,0,1,2,2,1
498,763.91,161,343,1,0,0,1,0
499,458.77,35,83,1,1,0,0,0
500,2429.2200000000003,64,296,1,3,1,3,1
501,1317.1799999999998,2,327,1,1,4,1,1
502,703.3299999999999,42,280,0,1,0,2,1
503,1336.58,29,294,1,0,1,3,1
504,551.93,218,325,1,0,0,1,1
505,2312.7,12,318,3,2,0,2,0
506,1009.74,287,348,0,1,1,0,2
507,2325.03,81,333,1,2,2,4,0
508,1536.61,93,362,3,0,0,1,1
509,2446.54,4,320,2,2,2,1,2
510,392.1,274,274,0,0,0,0,1
511,2027.8799999999999,7,336,2,2,1,3,1
512,1362.35,28,271,1,0,0,2,2
513,172.81,195,195,0,1,0,0,0
514,1606.29,64,336,1,1,2,2,0
515,1639.58,28,362,0,2,1,2,1
516,612.22,98,337,0,1,0,2,0
517,1073.98,10,284,2,0,2,0,1
518,3078.6,48,342,3,1,1,1,3
519,1894.4,39,246,2,1,2,2,2
520,1959.29,15,257,1,1,0,3,0
521,645.75,263,353,0,0,1,1,0
522,2557.54,52,322,1,3,3,1,1
523,2090.02,7,345,2,1,3,1,2
524,2565.36,38,283,1,4,0,3,1
525,462.44,106,363,0,1,0,1,2
526,446.32,97,338,2,1,0,0,1
527,343.51,9,229,0,0,1,2,0
528,1353.55,12,332,2,1,2,1,0
529,2333.7200000000003,40,267,2,0,1,1,4
530,1311.6399999999999,35,201,1,0,1,2,2
531,2008.12,46,316,1,4,0,2,2
532,2372.58,40,360,1,2,5,0,0
533,388.31,111,111,1,0,0,0,0
534,536.31,28,252,1,1,1,0,0
535,2145.98,34,309,3,1,0,4,0
536,1639.36,133,306,0,1,1,2,0
537,2067.57,2,337,2,1,2,1,0
538,651.88,164,215,0,0,0,1,1
539,1286.35,115,363,2,2,0,1,1
540,649.47,245,337,1,1,0,0,0
541,185.03,176,234,1,1,0,0,0
542,344.77,85,321,1,1,1,0,0
543,939.83,22,358,1,1,0,1,2
544,1099.45,3,353,1,0,2,0,1
545,452.87,90,272,0,1,0,0,1
546,575.05,340,344,0,0,1,0,1
547,716.14,21,345,2,1,0,0,0
548,2116.14,10,328,3,2,1,2,1
549,358.67,66,268,2,0,0,0,0
550,2140.26,9,213,2,0,2,1,3
551,3027.91,30,298,3,2,1,2,1
552,1049.96,120,221,2,0,0,1,0
553,2125.61,33,291,1,2,2,1,1
554,1822.54,6,193,2,1,1,1,1
555,393.99,78,256,0,1,1,0,0
556,2132.54,2,353,1,2,1,0,3
557,1179.98,17,352,1,0,0,1,1
558,1722.97,39,364,1,2,1,1,1
559,2151.66,75,323,3,1,1,2,0
560,203.34,21,216,0,0,0,1,1
561,1369.4,6,340,1,4,0,1,0
562,2160.95,41,332,2,1,1,2,3
563,1090.13,11,340,4,1,0,0,0
564,1859.23,25,257,0,0,4,1,2
565,2436.25,27,344,1,0,0,3,2
566,1867.21,29,357,1,0,1,3,2
567,472.36,355,355,0,0,0,0,1
568,1051.21,78,230,0,0,1,0,2
569,1550.8500000000001,24,231,1,1,2,2,0
570,2358.04,106,313,1,2,0,1,3
571,962.48,65,222,2,0,0,1,0
572,538.06,2,17,0,1,1,0,0
573,1331.4,57,327,0,2,0,0,3
574,2437.4,0,300,0,1,1,3,4
575,1550.26,59,357,2,2,3,2,0
576,755.9300000000001,122,287,2,0,0,1,1
577,2373.23,86,282,1,0,2,2,3
578,715.6,75,208,1,0,1,1,0
579,402.41,163,165,0,0,0,2,0
580,232.75,20,66,0,0,0,0,2
581,407.65999999999997,180,219,0,1,0,1,0
582,1876.3600000000001,78,356,4,2,0,0,1
583,783.96,114,196,0,2,1,1,0
584,1677.08,135,346,0,1,3,1,2
585,1709.36,69,356,2,1,0,2,1
586,1667.53,224,354,0,0,4,0,1
587,623.49,43,165,0,0,1,1,1
588,1726.51,17,362,2,2,4,0,0
589,2356.94,2,340,2,6,0,0,1
590,1383.59,30,337,2,1,0,3,3
591,215.12,205,205,0,0,1,0,0
592,2642.14,34,345,0,2,3,2,1
593,2959.62,5,363,2,1,3,2,1
594,2544.69,1,355,1,1,4,2,1
595,2270.36,110,363,0,0,1,4,3
596,1346.76,101,252,0,0,3,2,0
597,1726.8999999999999,75,362,0,3,0,2,2
598,1906.1000000000001,5,255,1,2,0,2,2
599,2347.42,98,349,1,2,3,0,3
600,865.0,44,220,1,0,1,1,1
601,2473.79,48,243,3,2,1,1,1
602,1158.83,70,287,2,0,1,3,3
603,1476.4,19,307,0,1,2,0,2
604,437.92999999999995,68,144,0,1,1,0,1
605,1187.98,7,344,3,0,1,0,0
606,271.99,165,165,0,0,0,0,1
607,1489.51,12,341,2,0,2,0,1
608,2463.96,2,287,1,3,3,0,2
609,110.77,159,159,0,0,0,1,0
610,1504.22,102,281,0,3,1,1,0
611,624.87,69,307,0,1,1,0,1
612,1688.29,17,335,0,2,2,1,2
613,612.18,35,242,0,0,0,2,1
614,1239.16,21,192,1,1,0,0,1
615,481.67999999999995,192,267,0,0,0,1,2
616,1674.35,115,339,1,1,1,3,2
617,2146.58,23,316,1,1,2,2,1
618,1025.54,24,346,0,2,1,1,3
619,244.19,265,265,0,0,0,0,1
620,694.35,14,70,0,0,1,0,2
621,204.8,316,363,0,0,0,0,2
622,754.54,25,317,2,0,1,1,1
623,1074.25,41,335,2,0,2,2,1
624,934.44,130,355,0,2,1,1,0
625,2452.39,9,319,3,0,2,2,2
626,2416.9,28,346,2,3,2,0,1
627,1929.48,117,323,1,1,2,1,1
628,67.65,242,242,0,0,0,0,1
629,657.3699999999999,75,98,2,0,0,0,1
630,942.44,96,240,0,0,2,0,0
631,238.83,233,233,1,0,0,0,0
632,1060.8600000000001,53,254,3,1,1,1,0
633,1985.72,2,342,0,3,1,1,3
634,1053.54,93,308,1,2,1,0,0
635,1574.74,214,316,3,2,0,0,0
636,1041.72,41,335,1,0,1,0,3
637,1629.96,73,255,0,3,1,3,1
638,194.63,89,328,1,0,1,0,0
639,1874.22,2,361,2,2,3,0,1
640,2408.65,12,241,3,0,2,2,1
641,1717.5700000000002,34,336,2,0,2,3,2
642,1587.38,174,352,0,1,4,0,1
643,1060.42,3,340,1,3,0,2,1
644,266.05,56,62,0,0,0,0,2
645,328.56,152,152,0,0,1,0,0
646,163.69,238,238,1,0,0,0,0
647,12.46,353,353,0,0,1,0,0
648,1028.17,180,311,0,1,2,0,0
649,759.5699999999999,50,186,0,0,3,0,1
650,499.67,2,293,0,1,1,0,0
651,1467.02,22,360,2,2,0,1,2
652,1245.86,79,348,0,1,0,3,1
653,392.17,122,122,0,0,0,0,1
654,1437.17,62,236,2,1,0,2,4
655,2097.25,146,361,2,2,1,1,3
656,1567.52,45,346,2,1,1,1,2
657,1135.3,117,157,0,1,2,1,1
658,1132.79,108,288,0,2,2,0,2
659,1658.16,31,312,2,3,0,1,0
660,2676.26,73,355,1,1,2,3,1
661,1579.69,8,271,1,2,1,2,2
662,758.41,171,295,1,0,1,2,0
663,1160.99,103,320,1,2,1,1,1
664,1972.94,34,319,1,1,2,0,2
665,1405.19,123,322,0,1,1,3,0
666,474.38,351,351,0,1,0,0,0
667,1442.15,126,359,0,3,1,1,1
668,1668.59,6,359,0,1,2,0,4
669,2232.41,59,308,3,0,1,2,2
670,143.34,56,56,1,0,0,0,0
671,2587.47,20,363,3,3,0,0,3
672,77.31,215,215,1,0,0,0,0
673,1779.5,25,319,2,0,2,1,3
674,2314.49,102,328,2,1,2,1,3
675,2461.3,5,338,3,2,2,1,1
676,923.55,1,336,1,1,2,0,1
677,308.82,253,253,0,0,0,0,1
678,864.3,21,239,0,0,1,1,2
679,1700.3,5,354,0,1,1,3,2
680,2490.85,18,363,1,3,2,0,3
681,1463.19,96,304,0,1,1,0,2
682,1084.11,15,325,1,1,1,1,1
683,1383.28,37,329,1,3,0,1,0
684,1240.94,45,334,0,1,2,1,1
685,534.74,288,351,0,1,0,0,1
686,1019.6700000000001,27,275,1,2,0,0,1
687,1446.69,14,353,3,1,0,2,3
688,2281.4700000000003,19,293,2,2,2,2,1
689,897.51,10,304,0,0,1,2,1
690,638.06,11,254,0,1,1,0,1
691,683.19,40,313,2,0,0,0,0
692,1421.26,38,336,1,2,2,0,0
693,2154.62,16,347,0,2,3,2,1
694,1500.44,89,316,2,0,0,1,4
695,2615.4300000000003,6,360,3,0,4,1,1
696,55.77,279,279,0,1,0,0,0
697,489.1,108,162,1,0,0,1,0
698,273.02,54,203,0,0,0,2,0
699,994.16,35,180,0,0,2,0,2
700,2810.28,105,327,2,1,2,1,2
701,2395.1,60,358,3,0,3,1,2
702,681.77,74,289,3,1,0,1,0
703,1289.55,58,364,3,0,2,1,1
704,948.6800000000001,245,337,1,0,2,0,0
705,1783.47,127,323,2,2,0,1,2
706,104.0,221,221,1,0,0,0,0
707,35.24,260,260,0,0,0,0,1
708,807.48,16,355,0,1,1,1,0
709,346.94,234,234,1,0,0,0,0
710,1373.66,26,260,1,2,0,3,0
711,391.99,218,218,0,1,0,0,0
712,1159.3899999999999,28,296,2,0,1,2,0
713,1792.54,55,300,3,1,1,3,0
714,1170.32,7,348,0,4,1,0,3
715,555.91,143,199,0,0,0,2,0
716,3220.3,44,358,2,1,3,2,1
717,1950.63,92,243,0,1,4,2,0
718,1845.21,75,313,1,2,1,0,2
719,434.86,96,321,0,1,0,1,0
720,1551.13,101,364,3,0,2,1,0
721,921.3299999999999,168,266,1,1,2,1,0
722,814.74,26,225,0,2,0,1,0
723,2143.56,58,324,1,5,0,1,0
724,477.73,220,225,1,0,0,1,0
725,627.29,240,291,1,0,1,0,0
726,2048.2,9,344,2,2,2,1,1
727,1252.1,8,297,1,1,1,1,2
728,1552.44,57,341,0,1,1,2,1
729,161.07,12,263,1,1,0,0,0
730,1247.79,105,268,1,1,2,1,1
731,1559.5,90,334,2,1,2,2,1
732,1865.72,113,322,4,2,1,1,1
733,681.14,50,357,0,0,1,0,2
734,1047.12,61,310,0,0,2,2,1
735,2165.4900000000002,16,329,0,3,3,1,1
736,576.3,149,252,0,1,1,0,1
737,2132.05,44,344,0,3,2,2,2
738,675.36,228,272,0,0,0,3,0
739,338.96999999999997,83,339,1,0,0,0,1
740,2094.81,29,362,2,2,1,3,1
741,2317.66,16,293,1,1,2,3,1
742,583.1,183,303,1,0,0,0,1
743,1118.41,16,322,1,1,0,0,2
744,1132.03,79,309,1,2,1,2,0
745,2639.2799999999997,34,319,2,1,4,2,0
746,604.8199999999999,72,344,0,0,0,2,0
747,967.0799999999999,6,351,0,3,0,1,0
748,284.57,43,291,0,0,1,1,0
749,618.27,9,278,1,0,1,0,1
750,2600.41,26,336,2,2,0,3,1
751,1172.35,96,354,0,5,0,1,0
752,2056.76,25,343,2,3,0,2,2
753,1560.95,45,279,2,0,1,1,2
754,1122.07,66,302,1,1,0,0,2
755,539.68,192,278,1,1,0,1,0
756,2081.7,221,343,2,0,0,2,2
757,1484.12,53,352,2,0,1,1,1
758,1725.5,19,218,2,2,0,1,4
759,575.97,291,314,0,1,1,0,0
760,477.75,235,235,0,0,0,0,1
761,1309.22,13,359,3,0,2,0,4
762,2577.9500000000003,107,339,1,3,2,1,2
763,693.13,50,211,0,1,2,2,0
764,496.99,340,340,0,0,0,0,1
765,1079.2,110,294,2,1,2,0,0
766,910.23,206,280,1,1,1,0,0
767,2189.69,9,335,1,1,2,4,0
768,1068.46,136,312,1,2,0,1,1
769,1257.45,180,321,0,0,1,3,1
770,970.67,53,355,0,2,0,2,2
771,1500.63,18,314,1,0,1,3,2
772,1124.58,63,212,1,0,0,2,1
773,1918.91,13,256,2,3,2,0,1
774,41.49,331,331,1,0,0,0,0
775,1586.9,29,306,1,1,2,0,1
776,1647.73,8,311,2,1,0,2,0
777,1488.0,87,337,1,0,2,3,0
778,2064.51,50,352,1,1,2,2,3
779,1563.06,29,347,1,1,2,0,2
780,2107.59,29,345,1,2,2,1,1
781,548.61,164,314,0,2,0,0,0
782,1042.79,77,321,1,1,2,1,0
783,1133.6799999999998,69,348,0,0,3,3,0
784,1567.71,85,277,1,0,1,0,2
785,1960.77,12,152,1,0,1,3,2
786,2141.4,58,362,1,2,2,3,1
787,1255.38,37,364,4,1,1,2,0
788,1041.15,10,234,3,2,0,0,0
789,1755.6999999999998,0,313,1,2,3,1,1
790,2782.16,31,270,1,3,2,0,3
791,441.32,68,303,0,1,1,0,0
792,1381.17,12,255,2,2,1,0,0
793,1189.15,167,303,2,1,3,0,0
794,2430.75,30,355,2,1,1,0,2
795,993.04,102,239,1,2,1,0,0
796,2309.95,35,354,3,1,3,1,1
797,922.22,26,324,0,0,3,1,0
798,953.9499999999999,61,293,3,1,0,2,0
799,912.13,103,305,0,0,0,2,2
800,1213.09,9,304,0,2,2,0,1
801,1621.99,1,360,2,3,0,1,1
802,504.29,26,179,0,2,0,0,0
803,2136.39,5,358,3,1,1,3,0
804,2218.53,20,270,0,3,1,1,2
805,1100.6200000000001,2,274,0,1,2,1,2
806,421.3,55,138,1,1,1,0,0
807,1217.41,42,136,0,0,1,2,1
808,1759.63,85,351,0,4,0,0,2
809,1482.3600000000001,24,352,2,3,1,1,2
810,1290.08,112,346,2,1,1,0,0
811,871.11,265,299,0,0,1,1,0
812,2042.29,12,208,2,0,1,1,3
813,2206.29,7,317,5,0,1,1,1
814,1650.27,41,291,3,1,3,1,1
815,493.38,14,338,0,0,0,1,1
816,1299.37,66,250,3,1,0,3,1
817,337.9,134,359,0,2,0,0,2
818,1295.74,15,348,0,5,2,0,1
819,985.26,57,223,1,1,1,2,0
820,566.46,54,166,0,0,0,1,1
821,304.95,112,322,0,0,1,1,0
822,2275.24,133,334,3,1,0,2,3
823,651.38,125,325,0,0,1,1,1
824,318.01,169,169,0,0,0,1,0
825,1087.05,27,334,4,3,0,2,0
826,1099.45,113,311,1,2,2,1,0
827,2317.93,16,300,2,1,2,0,1
828,1361.59,55,179,0,1,1,2,0
829,144.37,144,144,0,0,1,0,0
830,395.99,69,112,0,1,0,0,1
831,1417.95,20,353,2,2,0,3,1
832,1463.62,39,298,1,1,0,0,3
833,1000.79,52,343,0,1,3,1,0
834,1521.8600000000001,13,323,2,0,1,2,0
835,825.2,97,310,1,0,1,2,1
836,1130.44,166,359,0,0,4,2,0
837,1600.01,57,339,0,3,1,1,2
838,1729.93,10,313,3,1,3,1,1
839,1182.6,15,263,0,1,2,1,1
840,997.8299999999999,7,235,0,0,1,0,4
841,1829.46,17,361,1,1,2,4,0
842,2806.69,27,350,2,2,0,0,4
843,1069.53,28,310,2,1,0,1,1
844,1505.23,28,303,1,2,0,2,1
845,2238.86,8,341,2,2,1,2,1
846,1667.48,42,327,0,2,0,3,0
847,1672.9299999999998,136,340,1,1,1,1,2
848,690.1600000000001,54,66,0,0,1,1,0
849,830.54,20,147,0,1,1,2,1
850,38.12,262,262,1,0,0,0,0
851,580.18,16,84,0,0,2,0,0
852,569.13,14,324,3,1,0,0,0
853,1178.95,154,314,1,1,0,1,0
854,47.85,60,60,0,0,0,1,0
855,2656.16,51,363,3,0,2,1,2
856,524.36,90,197,2,0,1,0,0
857,379.0,168,168,0,0,0,1,0
858,224.33,86,112,0,2,0,0,0
859,2320.9,7,319,1,4,2,0,2
860,410.36,24,242,1,0,1,0,0
861,258.79,31,255,1,0,1,0,0
862,1581.13,14,334,1,0,1,2,2
863,1031.04,34,363,1,2,1,1,2
864,1537.15,10,345,2,1,2,1,1
865,2739.69,110,352,2,4,0,1,2
866,440.09000000000003,167,183,0,0,0,0,2
867,985.19,21,361,3,0,0,1,2
868,1858.01,61,344,3,1,1,1,0
869,1708.06,78,328,1,0,1,1,4
870,358.81,326,326,0,0,0,1,0
871,1268.83,69,364,1,2,0,0,1
872,2710.07,21,352,2,0,4,0,2
873,868.72,42,278,0,1,0,1,1
874,488.21,117,117,0,0,1,0,0
875,2066.71,11,168,2,3,1,2,0
876,1940.62,3,359,1,1,1,2,3
877,2189.5499999999997,30,341,1,0,3,0,3
878,2181.62,83,355,1,2,2,1,2
879,328.09,18,18,0,0,1,0,0
880,1311.23,93,350,0,1,2,2,2
881,189.28,106,106,1,0,0,0,0
882,745.26,49,364,1,2,0,0,0
883,776.71,71,295,1,1,2,1,2
884,2069.03,25,311,1,3,1,3,1
885,2431.0299999999997,63,347,2,1,4,2,0
886,2197.83,52,340,3,0,2,2,0
887,812.28,147,287,3,1,0,0,0
888,436.94,40,359,0,1,0,1,1
889,306.88,58,349,2,0,0,0,2
890,369.47,173,304,1,0,0,0,1
891,1602.17,4,347,0,2,0,1,2
892,183.21,88,88,0,0,0,0,1
893,3026.91,94,355,4,0,3,1,1
894,983.26,53,264,2,1,0,0,0
895,1649.0800000000002,91,359,2,1,1,1,2
896,1403.03,73,364,1,3,1,3,0
897,2125.28,72,349,3,1,1,2,1
898,2794.0,70,362,1,3,0,2,3
899,38.78,154,154,0,0,0,1,0
900,353.54,5,245,1,2,0,0,0
901,517.94,166,294,0,0,1,0,1
902,1040.2,20,283,2,0,2,2,1
903,762.78,156,264,2,0,0,1,1
904,1684.39,16,343,2,3,2,0,0
905,1222.55,66,328,2,1,1,2,2
906,1235.8,2,174,1,2,1,0,1
907,54.82,77,77,1,0,0,0,0
908,1865.09,36,341,2,0,4,1,2
909,718.24,79,210,1,0,2,0,0
910,797.14,46,334,2,0,0,1,1
911,1058.9,143,250,1,0,0,0,2
912,1915.01,18,302,1,1,3,2,2
913,267.44,207,207,0,0,1,0,0
914,1722.8,23,330,2,0,2,2,1
915,1786.6,16,348,2,1,2,0,2
916,1176.86,31,270,2,0,2,1,1
917,1799.3600000000001,24,332,3,0,0,3,2
918,1140.8200000000002,20,333,0,1,1,1,1
919,1547.47,56,232,2,1,2,2,0
920,2059.02,85,345,0,1,3,2,3
921,1778.2,11,206,0,1,1,2,2
922,1135.0,76,284,0,1,0,1,1
923,2462.85,62,363,2,4,0,2,1
924,760.13,184,310,0,1,0,1,0
925,1930.4099999999999,56,190,0,2,1,1,1
926,157.62,90,90,0,0,0,0,1
927,1462.34,78,320,1,1,2,0,1
928,2584.66,89,338,2,2,3,0,1
929,358.27,163,163,0,0,0,0,1
930,809.61,207,305,0,0,0,0,2
931,1985.28,18,332,1,3,0,0,1
932,350.46,323,323,0,0,1,0,0
933,74.06,122,122,0,0,0,1,0
934,282.29,334,334,0,0,0,1,0
935,939.39,203,286,1,0,0,2,1
936,2591.57,2,276,1,3,2,1,2
937,1842.6599999999999,80,263,2,1,1,0,3
938,695.9300000000001,150,324,1,0,1,1,0
939,394.48,179,179,0,0,0,1,0
940,1536.43,55,351,3,1,1,1,1
941,1440.83,7,320,1,3,0,2,0
942,1539.42,40,345,2,1,1,2,1
943,398.92,151,330,0,0,0,1,1
944,1280.1000000000001,107,321,3,0,0,1,1
945,541.1999999999999,117,336,1,1,2,1,0
946,451.82,60,260,1,1,0,0,1
947,589.06,109,271,0,1,0,1,1
948,1416.12,84,306,1,0,2,1,1
949,956.3,97,286,2,1,1,0,0
950,1085.17,30,234,0,0,2,2,0
951,1494.92,69,357,1,1,3,2,0
952,344.33,340,340,0,1,0,0,0
953,2580.58,9,354,1,1,3,1,3
954,2009.3200000000002,55,231,2,2,1,0,1
955,1453.74,16,362,0,1,3,1,1
956,858.04,122,273,0,1,1,1,0
957,32.8,198,198,0,0,0,0,1
958,972.8,76,348,1,2,1,1,0
959,285.35,203,203,0,0,0,0,1
960,1553.52,73,313,2,1,0,0,3
961,964.3299999999999,4,83,0,2,0,1,0
962,1021.08,42,335,0,2,0,1,1
963,660.3299999999999,4,337,1,0,2,0,0
964,2348.82,16,285,5,1,2,1,0
965,213.98,67,67,0,0,1,0,0
966,2097.75,32,354,0,2,1,0,4
967,230.71,160,160,1,0,0,0,0
968,344.12,230,313,0,0,0,1,1
969,1296.96,63,313,2,0,1,0,1
970,748.6800000000001,69,299,1,1,2,2,0
971,283.95,147,299,1,0,1,0,0
972,1105.44,246,313,0,0,3,0,0
973,56.53,24,24,0,1,0,0,0
974,1789.81,37,337,1,1,0,2,2
975,1892.1799999999998,22,279,0,1,2,3,1
976,557.62,289,361,0,1,1,0,0
977,772.3399999999999,132,237,1,0,0,2,0
978,1465.5,51,336,1,2,1,1,2
979,1711.28,90,305,3,1,0,1,2
980,2079.5,7,319,0,1,3,2,2
981,285.43,307,307,0,1,0,0,0
982,913.21,105,328,0,2,1,3,0
983,1395.3000000000002,40,303,0,2,0,0,3
984,1127.04,9,350,2,2,3,1,0
985,1752.58,9,286,2,1,0,1,1
986,1392.61,83,339,0,3,1,2,1
987,1683.65,9,329,2,1,2,1,1
988,2543.12,33,361,1,4,1,1,2
989,1530.42,104,348,1,2,1,2,1
990,483.5,179,179,0,1,0,0,0
991,801.36,8,156,0,1,0,0,2
992,311.62,269,269,0,0,1,0,0
993,81.64,317,317,0,1,0,0,0
994,1801.34,15,351,2,2,2,0,3
995,1020.0,4,287,0,2,1,1,1
996,227.25,160,160,1,0,0,0,0
997,419.82,67,147,0,0,1,1,0
998,252.15,104,104,1,0,0,0,0
999,2393.2599999999998,24,345,1,0,2,4,2
1000,1670.79,18,267,2,0,0,2,2
