ChurnStatus,Age,IncomeLevel,MaritalStatus_Married,MaritalStatus_Single,MaritalStatus_Widowed,Gender_M,TotalAmountSpent,Days_since_last_transaction,Days_since_first_transaction,Books,Clothing,Electronics,Furniture,Groceries,DaysSinceLastCustomerInteraction,Complaint,Feedback,Inquiry,Resolved,Unresolved,LoginFrequency,Days_since_last_login,Online Banking,Website,NoCustomerServiceInteraction
0,62,0,0,1,0,1,416.5,279,279,0,0,1,0,0,274.0,0.0,0.0,1.0,1.0,0.0,34,71,0,0,0
1,65,0,1,0,0,1,1547.4199999999998,42,356,0,2,3,1,1,288.0,0.0,0.0,1.0,1.0,0.0,5,26,0,1,0
0,18,0,0,1,0,1,1702.98,84,323,1,1,0,2,2,128.0,0.0,0.0,1.0,1.0,0.0,3,46,0,1,0
0,21,0,0,0,1,1,917.29,4,223,0,1,2,1,1,180.0,0.0,0.0,2.0,1.0,1.0,2,128,0,1,0
0,21,1,0,0,0,1,2001.49,10,313,0,0,3,2,3,215.0,0.0,0.0,0.0,0.0,0.0,41,65,0,1,1
0,57,1,0,0,0,0,1164.29,63,181,1,1,1,2,0,239.0,0.0,1.0,0.0,1.0,0.0,2,105,0,1,0
0,27,2,1,0,0,0,86.73,68,68,1,0,0,0,0,215.0,0.0,0.0,0.0,0.0,0.0,32,358,0,0,1
1,37,0,0,1,0,1,2046.88,52,296,2,2,1,2,0,245.0,0.0,1.0,1.0,0.0,2.0,17,253,1,0,0
0,39,2,0,0,0,1,1317.24,73,352,0,2,1,0,2,137.0,0.0,0.0,1.0,1.0,0.0,24,187,0,1,0
1,68,2,1,0,0,1,1397.36,61,346,0,1,1,3,2,215.0,0.0,0.0,0.0,0.0,0.0,29,352,1,0,1
0,54,1,0,0,0,1,1733.83,17,305,3,0,0,0,2,338.0,0.0,2.0,0.0,1.0,1.0,30,343,1,0,0
0,41,0,1,0,0,0,87.1,59,59,0,0,1,0,0,352.0,0.0,1.0,1.0,1.0,1.0,43,0,0,1,0
0,24,0,0,0,0,0,392.02,95,161,1,1,1,0,0,156.0,1.0,0.0,0.0,1.0,0.0,10,179,0,0,0
0,42,1,0,0,1,1,2843.59,53,348,1,1,0,3,4,158.0,1.0,1.0,0.0,1.0,1.0,26,355,1,0,0
0,42,1,0,0,0,1,1914.02,15,345,2,1,1,2,2,329.0,1.0,1.0,0.0,0.0,2.0,44,199,1,0,0
1,30,1,0,1,0,0,2019.79,17,161,4,1,1,3,0,183.0,0.0,0.0,2.0,2.0,0.0,41,291,1,0,0
0,19,0,1,0,0,1,1625.27,37,211,1,1,2,1,2,238.0,0.0,0.0,2.0,1.0,1.0,8,119,1,0,0
1,56,2,1,0,0,0,951.38,123,351,2,0,0,2,1,52.0,0.0,0.0,1.0,0.0,1.0,37,37,0,1,0
0,57,2,0,0,0,0,1017.26,9,236,0,1,0,3,1,256.0,2.0,0.0,0.0,0.0,2.0,39,298,1,0,0
0,41,0,0,1,0,1,2775.85,14,332,1,3,1,1,3,164.0,0.0,1.0,0.0,1.0,0.0,16,138,0,1,0
0,64,2,0,0,0,1,913.02,151,318,3,0,0,0,2,215.0,0.0,0.0,0.0,0.0,0.0,18,198,0,1,1
0,42,0,0,0,0,0,1582.73,73,333,1,1,0,3,1,357.0,0.0,0.0,2.0,2.0,0.0,42,239,0,0,0
0,35,0,0,0,0,0,1490.74,54,346,2,0,0,0,2,310.0,2.0,0.0,0.0,1.0,1.0,19,177,0,0,0
0,55,1,0,0,1,1,1143.22,19,323,1,2,0,1,1,58.0,1.0,0.0,0.0,1.0,0.0,12,88,0,0,0
0,43,0,1,0,0,0,764.77,85,115,1,0,0,0,2,24.0,0.0,1.0,0.0,1.0,0.0,27,319,0,0,0
1,31,1,0,1,0,1,571.76,3,153,1,1,0,1,0,18.0,1.0,0.0,0.0,1.0,0.0,45,93,0,0,0
0,26,1,0,0,1,1,2210.6,51,361,1,2,2,1,2,200.0,0.0,1.0,0.0,0.0,1.0,22,91,0,0,0
0,27,2,0,0,1,0,1702.26,13,359,1,0,4,1,0,260.0,1.0,0.0,1.0,0.0,2.0,42,66,1,0,0
0,38,1,0,0,0,0,853.0699999999999,98,313,1,2,0,0,0,260.0,0.0,1.0,1.0,1.0,1.0,34,120,0,1,0
0,69,2,0,0,0,1,706.66,105,232,1,0,1,0,0,270.0,2.0,0.0,0.0,1.0,1.0,38,172,0,1,0
0,34,0,0,0,0,1,1108.56,22,352,2,2,0,1,0,235.0,1.0,0.0,1.0,2.0,0.0,23,136,1,0,0
0,69,2,1,0,0,0,1225.52,88,305,1,1,1,0,2,215.0,0.0,0.0,0.0,0.0,0.0,48,359,0,0,1
1,23,2,0,0,0,1,689.0,54,146,0,1,0,0,1,214.0,0.0,1.0,0.0,1.0,0.0,24,226,0,0,0
0,33,2,0,0,1,1,1886.4,9,357,1,4,2,2,0,225.0,0.0,2.0,0.0,1.0,1.0,44,272,1,0,0
0,65,0,1,0,0,1,779.8399999999999,114,272,1,0,1,1,0,176.0,1.0,0.0,0.0,0.0,1.0,19,222,0,0,0
0,18,0,0,0,1,0,1321.5500000000002,65,304,1,1,3,0,1,63.0,0.0,1.0,0.0,1.0,0.0,6,323,1,0,0
0,36,1,1,0,0,0,3166.88,24,359,1,4,0,3,1,285.0,1.0,0.0,0.0,1.0,0.0,3,125,1,0,0
0,53,0,1,0,0,0,874.86,26,311,1,0,0,0,2,280.0,0.0,0.0,1.0,1.0,0.0,47,34,1,0,0
0,42,1,1,0,0,1,1191.94,20,269,0,0,2,2,1,215.0,0.0,0.0,0.0,0.0,0.0,26,345,1,0,1
0,67,0,0,0,1,0,1578.35,151,354,0,0,2,2,3,37.0,1.0,0.0,0.0,1.0,0.0,20,78,0,1,0
1,69,2,1,0,0,0,363.22,319,328,0,1,0,1,0,307.0,0.0,0.0,1.0,0.0,1.0,38,180,0,0,0
0,47,1,0,0,1,1,530.61,71,261,2,0,0,0,1,215.0,0.0,0.0,0.0,0.0,0.0,10,167,0,0,1
0,37,0,0,1,0,1,2213.63,59,306,1,3,1,0,2,273.0,0.0,0.0,2.0,1.0,1.0,25,220,0,0,0
0,37,0,0,0,1,0,687.8199999999999,38,328,0,0,1,0,2,256.0,0.0,1.0,0.0,0.0,1.0,35,48,0,0,0
0,32,0,0,0,1,0,300.42,8,8,0,0,0,0,1,188.0,1.0,0.0,0.0,0.0,1.0,49,120,1,0,0
1,57,2,1,0,0,0,134.67,133,133,0,0,1,0,0,215.0,0.0,0.0,0.0,0.0,0.0,24,153,1,0,1
0,50,1,1,0,0,0,1466.37,42,276,1,1,1,3,1,215.0,0.0,0.0,0.0,0.0,0.0,21,256,0,1,1
0,19,1,0,0,0,1,1597.29,22,224,2,1,2,1,1,215.0,0.0,0.0,0.0,0.0,0.0,34,202,0,1,1
0,27,1,0,1,0,0,641.48,207,305,1,0,1,0,1,215.0,0.0,0.0,0.0,0.0,0.0,18,315,1,0,1
0,50,0,0,1,0,0,1514.62,22,356,0,1,0,1,2,306.0,1.0,1.0,0.0,0.0,2.0,19,169,1,0,0
1,49,1,0,0,0,1,549.86,164,282,1,0,1,1,0,215.0,0.0,0.0,0.0,0.0,0.0,3,61,0,0,1
0,28,1,0,0,1,1,401.25,317,317,0,0,0,0,1,215.0,0.0,0.0,0.0,0.0,0.0,6,318,0,0,1
0,41,0,0,0,1,0,1255.34,3,293,2,1,0,1,3,215.0,0.0,0.0,0.0,0.0,0.0,20,90,0,0,1
0,53,0,1,0,0,0,461.21,180,201,1,0,0,0,1,352.0,1.0,1.0,0.0,2.0,0.0,22,345,1,0,0
0,29,0,0,1,0,0,1129.35,116,357,0,2,0,2,1,215.0,0.0,0.0,0.0,0.0,0.0,33,135,0,1,1
0,68,0,1,0,0,0,1443.46,16,228,2,1,1,0,1,215.0,0.0,0.0,0.0,0.0,0.0,14,133,0,0,1
0,46,2,0,0,0,0,597.75,33,313,1,0,1,0,1,23.0,1.0,0.0,0.0,0.0,1.0,44,164,1,0,0
0,52,2,0,1,0,1,2215.82,43,315,1,3,1,0,1,343.0,1.0,0.0,1.0,0.0,2.0,9,258,1,0,0
0,18,1,1,0,0,1,292.51,30,159,0,0,2,1,0,215.0,0.0,0.0,0.0,0.0,0.0,45,20,1,0,1
0,18,2,0,1,0,0,781.09,11,332,1,1,1,0,1,278.0,0.0,2.0,0.0,1.0,1.0,25,304,0,0,0
1,54,0,0,1,0,1,678.97,81,343,0,0,2,1,0,264.0,1.0,0.0,0.0,1.0,0.0,47,4,0,1,0
0,23,2,1,0,0,0,840.0,35,361,1,1,1,0,1,303.0,1.0,0.0,1.0,2.0,0.0,16,126,0,0,0
0,56,0,1,0,0,1,2205.11,18,301,1,1,1,4,2,215.0,0.0,0.0,0.0,0.0,0.0,7,219,0,0,1
0,58,2,0,1,0,0,965.21,13,243,0,1,1,1,0,215.0,0.0,0.0,0.0,0.0,0.0,11,211,1,0,1
0,35,0,0,0,0,0,1359.89,44,171,0,0,2,1,2,215.0,0.0,0.0,0.0,0.0,0.0,27,97,0,0,1
0,33,1,0,0,1,1,1409.11,10,347,1,2,2,0,3,215.0,0.0,0.0,0.0,0.0,0.0,40,136,1,0,1
0,22,1,0,1,0,0,701.76,52,329,1,3,0,0,0,245.0,0.0,0.0,2.0,2.0,0.0,17,161,1,0,0
1,59,2,0,0,0,0,886.4799999999999,55,233,1,1,1,0,1,338.0,1.0,0.0,1.0,0.0,2.0,5,159,0,1,0
0,60,0,0,1,0,0,1038.53,27,289,2,1,0,1,0,86.0,0.0,1.0,0.0,1.0,0.0,29,48,0,0,0
0,49,1,1,0,0,0,2453.98,18,361,1,2,1,3,0,215.0,0.0,0.0,0.0,0.0,0.0,10,291,0,0,1
1,19,0,0,0,0,0,474.59,58,356,0,1,0,0,2,343.0,0.0,1.0,1.0,1.0,1.0,47,136,1,0,0
1,19,2,0,0,0,0,1080.4,39,346,0,3,2,0,1,362.0,2.0,0.0,0.0,1.0,1.0,25,250,1,0,0
1,57,0,0,1,0,1,2254.22,45,355,0,4,3,0,2,137.0,0.0,0.0,1.0,1.0,0.0,24,65,1,0,0
0,59,0,0,0,1,1,2083.79,126,280,1,3,1,2,1,303.0,1.0,0.0,0.0,1.0,0.0,44,315,0,0,0
1,53,2,0,1,0,0,769.97,0,130,1,1,1,1,0,131.0,0.0,0.0,1.0,1.0,0.0,12,197,0,0,0
1,56,1,0,0,1,0,883.92,24,295,2,2,0,0,0,59.0,1.0,0.0,1.0,1.0,1.0,5,236,0,1,0
0,29,2,0,0,0,1,1797.06,27,354,2,4,0,2,0,215.0,0.0,0.0,0.0,0.0,0.0,29,77,1,0,1
0,64,0,0,0,1,1,816.89,259,305,0,1,0,0,2,37.0,0.0,0.0,1.0,0.0,1.0,35,85,0,0,0
1,36,2,1,0,0,1,931.32,17,358,2,0,0,1,0,336.0,1.0,0.0,0.0,1.0,0.0,23,255,1,0,0
0,45,2,0,0,1,1,110.82,270,270,0,0,0,1,0,215.0,0.0,0.0,0.0,0.0,0.0,32,205,0,0,1
1,18,0,0,0,1,0,2181.77,122,341,2,2,0,2,2,215.0,0.0,0.0,0.0,0.0,0.0,40,28,0,1,1
0,32,2,0,0,0,0,232.38,333,333,0,1,0,0,0,215.0,0.0,0.0,0.0,0.0,0.0,19,237,0,0,1
0,53,1,0,0,1,1,1419.9199999999998,77,357,1,2,1,0,2,284.0,0.0,2.0,0.0,0.0,2.0,25,0,0,0,0
0,30,1,0,0,0,1,1545.91,16,338,1,1,0,2,1,215.0,0.0,0.0,0.0,0.0,0.0,45,31,1,0,1
0,60,2,1,0,0,1,1690.08,25,290,2,2,0,2,3,215.0,0.0,0.0,0.0,0.0,0.0,37,145,0,0,1
0,38,0,1,0,0,1,1674.66,29,295,0,3,1,0,3,215.0,0.0,0.0,0.0,0.0,0.0,1,74,0,1,1
0,29,2,0,1,0,0,1411.84,5,158,1,2,1,1,0,304.0,1.0,0.0,1.0,1.0,1.0,43,39,0,1,0
0,22,2,0,1,0,1,447.34,140,338,0,1,0,0,1,215.0,0.0,0.0,0.0,0.0,0.0,13,326,1,0,1
0,24,1,0,1,0,1,1951.99,80,300,0,1,3,1,2,215.0,0.0,0.0,0.0,0.0,0.0,12,116,0,0,1
0,22,1,1,0,0,1,1229.96,1,357,2,2,0,1,1,117.0,0.0,0.0,1.0,1.0,0.0,47,215,1,0,0
0,65,0,0,0,1,0,1804.74,64,362,3,2,1,2,1,350.0,0.0,1.0,1.0,1.0,1.0,43,331,0,0,0
0,21,0,0,0,0,0,2265.28,22,211,1,1,1,2,3,277.0,0.0,1.0,1.0,1.0,1.0,37,183,0,0,0
0,30,0,1,0,0,0,848.07,21,212,2,0,1,0,2,267.0,2.0,0.0,0.0,2.0,0.0,42,76,0,0,0
0,54,2,0,0,1,1,1113.61,2,241,0,0,1,2,0,215.0,0.0,0.0,0.0,0.0,0.0,41,187,0,1,1
0,58,2,0,1,0,0,677.27,54,325,0,1,0,1,1,153.0,1.0,0.0,0.0,1.0,0.0,12,194,1,0,0
0,32,2,0,0,0,0,161.84,129,129,0,0,1,0,0,338.0,2.0,0.0,0.0,0.0,2.0,36,307,0,0,0
0,33,2,0,1,0,1,553.65,111,249,0,0,0,2,0,258.0,1.0,0.0,1.0,2.0,0.0,38,11,0,1,0
0,38,0,0,0,0,0,893.76,50,351,1,1,2,0,1,32.0,0.0,1.0,0.0,1.0,0.0,9,222,0,0,0
0,53,0,0,0,1,1,889.75,52,340,1,1,1,0,2,215.0,0.0,0.0,0.0,0.0,0.0,14,324,1,0,1
1,41,0,1,0,0,0,1108.56,4,317,0,2,0,0,2,330.0,1.0,1.0,0.0,2.0,0.0,45,212,1,0,0
0,33,2,0,1,0,0,492.35,206,206,0,0,0,0,1,237.0,0.0,1.0,1.0,1.0,1.0,35,350,1,0,0
0,31,2,1,0,0,1,2029.96,1,317,0,1,2,1,2,118.0,1.0,1.0,0.0,1.0,1.0,32,351,1,0,0
0,39,0,0,0,1,1,2297.73,11,364,2,2,2,3,0,94.0,0.0,2.0,0.0,2.0,0.0,46,248,0,0,0
1,66,1,0,0,1,0,2666.84,12,338,0,2,5,1,1,361.0,0.0,0.0,2.0,1.0,1.0,3,283,1,0,0
0,67,0,0,0,1,0,1863.6,11,334,0,2,0,4,2,205.0,0.0,0.0,2.0,0.0,2.0,30,7,0,1,0
0,23,2,1,0,0,1,875.08,32,355,0,1,0,1,1,241.0,1.0,0.0,1.0,1.0,1.0,49,164,0,0,0
1,59,2,1,0,0,0,1542.76,35,311,1,2,0,2,1,215.0,0.0,0.0,0.0,0.0,0.0,7,338,1,0,1
1,53,0,0,0,0,1,494.31,74,193,1,1,0,0,0,163.0,0.0,1.0,1.0,0.0,2.0,1,282,0,0,0
0,18,1,1,0,0,1,1274.7,7,337,2,1,1,1,1,230.0,1.0,0.0,1.0,0.0,2.0,20,247,0,0,0
1,49,1,1,0,0,1,723.0,48,155,1,1,1,0,0,144.0,0.0,1.0,1.0,2.0,0.0,25,82,0,1,0
1,23,2,0,0,1,0,613.1800000000001,83,349,1,0,0,1,0,300.0,0.0,0.0,1.0,0.0,1.0,33,197,0,1,0
0,48,2,0,0,0,0,750.17,2,345,1,1,0,1,0,296.0,0.0,0.0,1.0,1.0,0.0,35,76,0,1,0
0,18,2,1,0,0,0,1834.01,73,350,2,1,2,2,0,136.0,1.0,0.0,0.0,0.0,1.0,44,263,1,0,0
0,67,0,1,0,0,0,2133.28,27,360,2,2,2,1,1,215.0,0.0,0.0,0.0,0.0,0.0,24,151,0,1,1
0,68,2,0,0,1,0,653.62,100,288,1,2,1,1,0,215.0,0.0,0.0,0.0,0.0,0.0,14,101,0,0,1
0,54,2,1,0,0,1,1504.28,11,314,4,0,2,1,0,218.0,1.0,0.0,0.0,1.0,0.0,39,133,0,0,0
0,52,2,0,0,1,0,448.48,4,259,0,1,1,0,0,215.0,0.0,0.0,0.0,0.0,0.0,44,6,1,0,1
0,66,1,0,0,0,1,1625.39,13,340,1,2,2,1,0,331.0,0.0,0.0,1.0,0.0,1.0,34,91,1,0,0
1,47,1,0,0,1,1,2012.33,57,333,1,2,1,1,3,345.0,1.0,1.0,0.0,2.0,0.0,18,277,0,0,0
0,21,2,0,0,1,0,1168.79,2,236,3,0,2,0,1,219.0,1.0,1.0,0.0,1.0,1.0,2,311,1,0,0
0,52,1,0,0,0,1,1073.01,39,316,1,1,0,2,1,266.0,2.0,0.0,0.0,1.0,1.0,38,113,0,0,0
1,60,1,0,1,0,0,2825.52,15,285,1,2,2,1,3,273.0,0.0,1.0,0.0,1.0,0.0,17,200,0,0,0
1,31,1,0,0,1,1,938.58,15,194,0,0,1,0,2,135.0,0.0,0.0,2.0,2.0,0.0,23,291,0,0,0
0,66,1,1,0,0,1,2283.88,34,294,2,2,2,1,0,26.0,0.0,1.0,1.0,2.0,0.0,33,315,0,1,0
0,57,0,0,0,1,1,744.89,123,220,0,0,1,0,1,215.0,0.0,0.0,0.0,0.0,0.0,28,193,1,0,1
0,39,1,0,0,0,0,2323.02,49,317,1,4,0,1,3,215.0,0.0,0.0,0.0,0.0,0.0,15,231,0,1,1
0,27,1,1,0,0,0,1976.17,0,308,0,1,1,3,3,246.0,0.0,1.0,0.0,1.0,0.0,11,347,0,1,0
1,18,1,0,0,0,0,630.2,239,280,1,1,0,0,0,211.0,2.0,0.0,0.0,1.0,1.0,23,177,0,1,0
0,28,1,0,0,1,0,243.55,32,285,1,0,0,0,1,234.0,0.0,0.0,1.0,1.0,0.0,13,285,0,1,0
0,68,0,0,0,0,1,552.23,54,270,0,0,2,0,0,115.0,0.0,1.0,0.0,0.0,1.0,47,309,0,0,0
0,61,0,0,0,0,0,2726.7,87,277,2,1,3,1,1,27.0,0.0,0.0,1.0,1.0,0.0,11,98,0,1,0
0,41,2,0,1,0,0,1879.94,73,352,1,1,3,1,3,215.0,0.0,0.0,0.0,0.0,0.0,36,199,0,1,1
0,20,1,0,0,1,1,896.27,124,361,0,0,2,0,2,140.0,0.0,0.0,1.0,1.0,0.0,38,262,0,0,0
0,52,1,0,0,1,1,1570.08,2,323,0,2,1,1,2,248.0,0.0,0.0,1.0,0.0,1.0,27,360,0,0,0
0,53,2,0,0,1,0,441.75,221,310,1,0,1,0,0,215.0,0.0,0.0,0.0,0.0,0.0,18,195,0,0,1
0,48,0,0,0,1,1,419.86,1,137,1,0,0,1,0,215.0,0.0,0.0,0.0,0.0,0.0,40,54,0,0,1
1,21,2,1,0,0,0,431.47,195,195,0,0,1,0,0,215.0,0.0,0.0,0.0,0.0,0.0,38,195,1,0,1
0,36,0,0,0,0,1,2804.65,82,349,2,3,2,1,0,305.0,0.0,0.0,1.0,0.0,1.0,34,286,1,0,0
0,64,2,0,0,1,0,2045.49,162,314,0,2,5,0,0,286.0,0.0,1.0,1.0,1.0,1.0,22,211,0,1,0
0,53,2,1,0,0,1,1024.23,110,142,0,2,0,0,1,247.0,0.0,1.0,0.0,1.0,0.0,18,71,0,0,0
0,38,1,0,0,1,0,2483.75,27,293,0,2,2,1,2,335.0,2.0,0.0,0.0,2.0,0.0,41,186,1,0,0
0,35,2,0,0,0,1,1391.99,31,214,2,2,0,0,1,301.0,0.0,1.0,0.0,0.0,1.0,18,248,0,0,0
0,68,0,0,0,1,0,343.27,298,310,2,0,0,0,0,23.0,0.0,0.0,1.0,1.0,0.0,13,6,0,1,0
1,45,0,1,0,0,0,419.85,65,65,0,0,1,0,0,168.0,0.0,0.0,1.0,1.0,0.0,39,316,1,0,0
0,32,2,1,0,0,0,1768.7,13,277,4,0,0,1,0,89.0,1.0,1.0,0.0,0.0,2.0,16,81,1,0,0
0,59,0,0,0,0,0,1373.73,7,191,0,2,1,1,1,215.0,0.0,0.0,0.0,0.0,0.0,8,19,0,0,1
0,19,2,0,0,1,0,2260.34,34,340,1,4,0,1,2,192.0,1.0,1.0,0.0,1.0,1.0,34,120,0,0,0
0,54,1,1,0,0,0,13.04,28,28,0,0,0,0,1,284.0,1.0,0.0,1.0,1.0,1.0,29,297,0,1,0
0,28,1,0,1,0,1,444.84,247,247,1,0,0,0,0,290.0,1.0,0.0,0.0,1.0,0.0,6,317,1,0,0
0,40,1,0,0,1,0,1193.26,18,331,2,2,2,1,1,215.0,0.0,0.0,0.0,0.0,0.0,38,185,0,0,1
0,61,1,0,1,0,1,334.2,11,11,0,0,0,1,0,70.0,0.0,1.0,1.0,1.0,1.0,36,212,0,0,0
0,58,2,1,0,0,0,1448.8,18,338,0,0,2,3,2,215.0,0.0,0.0,0.0,0.0,0.0,48,92,0,0,1
0,29,0,1,0,0,1,1735.16,82,300,1,1,0,1,2,148.0,1.0,0.0,0.0,0.0,1.0,42,339,1,0,0
0,20,2,0,0,0,0,1753.55,139,351,4,1,2,0,0,215.0,0.0,0.0,0.0,0.0,0.0,26,256,0,0,1
0,69,0,0,0,0,1,1883.08,73,309,1,3,2,0,2,104.0,2.0,0.0,0.0,2.0,0.0,18,267,0,1,0
0,34,2,0,0,1,0,702.9200000000001,189,351,3,0,1,1,2,215.0,0.0,0.0,0.0,0.0,0.0,11,184,0,0,1
0,50,0,1,0,0,1,2412.6800000000003,52,339,1,2,0,1,3,215.0,0.0,0.0,0.0,0.0,0.0,27,201,0,0,1
0,18,0,1,0,0,0,1471.29,71,330,2,1,1,2,1,215.0,0.0,0.0,0.0,0.0,0.0,30,89,1,0,1
0,56,2,1,0,0,1,25.75,276,276,0,0,1,0,0,272.0,1.0,0.0,1.0,0.0,2.0,18,234,0,1,0
1,37,1,1,0,0,1,2053.13,18,343,2,0,2,2,2,315.0,1.0,0.0,1.0,1.0,1.0,43,243,1,0,0
0,64,2,0,1,0,1,1983.84,121,276,0,1,3,1,1,187.0,1.0,0.0,0.0,0.0,1.0,4,160,0,0,0
0,60,1,1,0,0,0,425.88,137,214,1,1,0,1,0,149.0,1.0,1.0,0.0,1.0,1.0,6,203,0,0,0
0,69,2,0,0,0,1,1064.88,24,320,1,1,1,0,0,301.0,0.0,1.0,1.0,1.0,1.0,22,352,0,0,0
1,58,0,0,0,1,0,955.49,73,359,2,1,0,2,0,24.0,0.0,1.0,0.0,1.0,0.0,2,36,0,1,0
0,31,1,0,0,1,0,181.34,85,85,0,1,0,0,0,215.0,0.0,0.0,0.0,0.0,0.0,47,305,0,0,1
0,48,0,0,0,1,0,1241.5,23,351,1,0,1,3,0,48.0,0.0,1.0,0.0,1.0,0.0,48,150,1,0,0
0,42,0,0,1,0,0,2356.35,4,364,2,1,1,2,2,26.0,0.0,1.0,0.0,1.0,0.0,40,303,0,1,0
1,20,0,1,0,0,1,1126.93,224,338,1,0,2,1,0,250.0,2.0,0.0,0.0,1.0,1.0,32,124,0,1,0
0,21,2,0,0,1,0,2164.75,16,350,1,1,0,6,1,174.0,0.0,0.0,1.0,0.0,1.0,39,196,0,0,0
1,48,0,0,0,0,1,1448.33,9,336,3,2,1,0,1,359.0,0.0,0.0,1.0,0.0,1.0,21,80,0,1,0
0,52,2,0,1,0,0,2532.71,101,358,2,1,1,1,2,105.0,0.0,1.0,0.0,1.0,0.0,8,241,0,0,0
0,61,1,1,0,0,1,1972.76,35,358,0,0,2,3,1,338.0,1.0,0.0,1.0,1.0,1.0,25,19,0,1,0
0,31,0,1,0,0,0,606.09,82,222,2,0,1,0,0,46.0,0.0,0.0,1.0,1.0,0.0,41,70,0,0,0
1,66,1,1,0,0,0,1801.46,23,316,4,1,1,1,0,275.0,1.0,0.0,0.0,0.0,1.0,36,297,0,0,0
0,58,1,1,0,0,1,1218.9,62,315,3,0,2,1,1,340.0,0.0,0.0,2.0,1.0,1.0,4,34,0,1,0
1,26,2,0,1,0,0,936.78,13,361,1,3,0,1,1,215.0,0.0,0.0,0.0,0.0,0.0,15,99,0,1,1
0,37,1,0,0,0,0,429.79,110,110,0,0,1,0,0,324.0,0.0,0.0,1.0,0.0,1.0,28,301,0,1,0
0,49,2,1,0,0,0,741.63,16,172,0,1,0,0,2,215.0,0.0,0.0,0.0,0.0,0.0,20,239,0,1,1
0,26,2,0,1,0,0,412.58,312,320,0,0,1,0,1,215.0,0.0,0.0,0.0,0.0,0.0,38,116,0,1,1
0,44,1,0,1,0,0,1985.93,19,280,2,1,1,0,3,215.0,0.0,0.0,0.0,0.0,0.0,6,335,1,0,1
0,20,1,0,0,0,0,715.6800000000001,20,37,0,2,0,0,0,215.0,0.0,0.0,0.0,0.0,0.0,30,253,0,0,1
0,21,1,0,1,0,0,1491.65,69,355,1,1,2,1,0,122.0,0.0,0.0,2.0,2.0,0.0,32,202,1,0,0
1,62,2,0,1,0,0,1135.44,69,190,0,0,0,0,3,330.0,0.0,0.0,1.0,1.0,0.0,49,254,1,0,0
0,32,2,0,0,1,1,97.19,96,330,0,0,0,1,1,215.0,0.0,0.0,0.0,0.0,0.0,41,261,1,0,1
0,50,1,0,0,1,0,1284.89,14,270,0,2,1,1,2,260.0,1.0,0.0,1.0,2.0,0.0,4,69,1,0,0
0,22,2,0,0,0,1,460.87,200,337,0,1,0,2,0,215.0,0.0,0.0,0.0,0.0,0.0,35,74,0,0,1
0,21,1,0,0,1,0,513.26,50,254,1,1,0,0,0,131.0,1.0,1.0,0.0,2.0,0.0,30,356,0,0,0
0,63,2,0,1,0,1,1768.25,30,324,1,1,1,2,1,360.0,0.0,1.0,1.0,1.0,1.0,49,277,0,0,0
0,29,2,0,1,0,1,574.4699999999999,180,219,1,1,0,1,0,284.0,0.0,1.0,1.0,1.0,1.0,41,193,0,0,0
1,40,0,0,0,0,1,1417.97,59,364,1,0,2,0,4,205.0,0.0,0.0,1.0,0.0,1.0,22,274,0,1,0
0,31,0,0,1,0,0,1942.65,46,338,1,1,2,1,2,346.0,0.0,1.0,1.0,1.0,1.0,2,319,0,1,0
0,63,1,0,0,0,0,1172.53,23,256,0,0,2,1,0,270.0,1.0,1.0,0.0,1.0,1.0,12,177,0,1,0
0,29,0,0,0,1,1,270.34,155,155,0,1,0,0,0,86.0,0.0,1.0,1.0,1.0,1.0,34,234,0,1,0
0,34,2,0,0,1,0,1388.97,110,340,1,2,0,2,0,215.0,0.0,0.0,0.0,0.0,0.0,34,69,0,1,1
0,42,1,1,0,0,0,1711.71,175,326,2,0,2,0,2,127.0,0.0,1.0,1.0,1.0,1.0,14,299,0,1,0
0,47,0,0,0,1,1,2134.16,9,364,1,1,3,1,2,338.0,1.0,0.0,1.0,0.0,2.0,39,343,0,1,0
1,39,1,1,0,0,0,925.43,23,327,2,0,1,1,0,290.0,1.0,0.0,1.0,1.0,1.0,39,290,1,0,0
0,64,1,1,0,0,1,1461.25,38,291,4,1,1,1,0,215.0,0.0,0.0,0.0,0.0,0.0,45,193,1,0,1
0,43,2,1,0,0,1,1270.25,40,334,2,0,3,0,1,273.0,1.0,1.0,0.0,1.0,1.0,6,357,0,1,0
0,34,0,0,1,0,0,1702.06,57,346,1,0,0,2,3,263.0,1.0,0.0,1.0,2.0,0.0,8,324,1,0,0
1,37,2,1,0,0,1,956.58,290,345,1,1,0,0,1,279.0,0.0,1.0,1.0,1.0,1.0,27,139,1,0,0
0,51,1,0,0,1,0,336.18,200,200,0,0,1,0,0,164.0,0.0,1.0,1.0,2.0,0.0,12,299,0,0,0
0,58,1,0,0,0,0,1767.9,13,317,1,0,2,2,1,160.0,2.0,0.0,0.0,2.0,0.0,21,259,0,1,0
0,50,1,0,0,1,0,454.14,138,169,1,0,0,1,0,276.0,0.0,2.0,0.0,1.0,1.0,38,237,1,0,0
0,54,0,0,0,0,0,741.9699999999999,7,326,1,1,0,0,2,215.0,0.0,0.0,0.0,0.0,0.0,4,338,0,0,1
0,24,2,0,0,1,1,99.58,109,109,0,1,0,0,0,215.0,0.0,0.0,0.0,0.0,0.0,25,34,0,0,1
0,39,2,0,0,0,0,1799.17,35,332,2,1,2,0,3,215.0,0.0,0.0,0.0,0.0,0.0,43,278,0,1,1
0,49,0,0,0,1,0,436.89,293,357,0,2,0,0,0,215.0,0.0,0.0,0.0,0.0,0.0,24,211,1,0,1
0,31,2,0,0,0,0,1328.06,26,272,0,1,1,1,1,215.0,0.0,0.0,0.0,0.0,0.0,12,80,0,0,1
0,25,2,1,0,0,1,1727.27,73,291,0,2,2,1,2,215.0,0.0,0.0,0.0,0.0,0.0,29,160,1,0,1
0,42,1,0,0,0,1,1222.21,14,341,2,2,0,2,0,215.0,0.0,0.0,0.0,0.0,0.0,35,303,1,0,1
0,33,1,1,0,0,0,1047.61,3,234,1,1,2,1,2,59.0,0.0,1.0,0.0,1.0,0.0,37,200,0,1,0
1,59,1,0,0,1,0,2092.89,6,363,1,0,5,0,1,351.0,1.0,0.0,0.0,1.0,0.0,30,311,0,1,0
0,36,0,0,0,0,0,734.1,295,341,1,0,1,0,0,215.0,0.0,0.0,0.0,0.0,0.0,41,59,1,0,1
0,58,1,0,0,0,0,1343.7,16,265,2,2,0,1,1,67.0,1.0,0.0,1.0,0.0,2.0,42,54,1,0,0
0,33,2,0,0,1,0,1570.86,74,316,0,2,2,0,1,101.0,0.0,2.0,0.0,2.0,0.0,35,116,0,0,0
1,29,0,1,0,0,1,2576.78,36,315,1,3,1,3,0,271.0,0.0,1.0,0.0,0.0,1.0,1,139,1,0,0
0,56,2,1,0,0,0,1766.57,13,363,2,2,1,0,2,215.0,0.0,0.0,0.0,0.0,0.0,40,202,0,0,1
0,65,0,0,1,0,1,1624.32,86,288,0,1,0,2,1,215.0,0.0,0.0,0.0,0.0,0.0,26,166,1,0,1
0,47,2,0,1,0,1,1030.46,158,333,1,0,2,0,0,215.0,0.0,0.0,0.0,0.0,0.0,35,49,1,0,1
1,19,0,0,1,0,0,1277.29,241,352,1,0,1,2,0,223.0,1.0,0.0,0.0,1.0,0.0,42,198,0,0,0
0,49,2,0,0,0,1,1702.45,19,315,2,0,1,1,3,215.0,0.0,0.0,0.0,0.0,0.0,7,211,0,1,1
0,62,1,0,0,0,0,1736.26,49,257,0,2,1,0,3,131.0,0.0,0.0,1.0,1.0,0.0,4,162,1,0,0
0,42,0,0,0,0,1,2520.32,39,332,1,1,1,2,3,215.0,0.0,0.0,0.0,0.0,0.0,5,229,0,1,1
0,42,2,0,0,1,1,2650.29,7,300,3,0,4,1,0,350.0,0.0,2.0,0.0,1.0,1.0,39,169,1,0,0
0,21,2,0,1,0,0,1461.18,15,293,1,3,1,2,0,343.0,0.0,1.0,0.0,0.0,1.0,11,296,0,0,0
1,36,2,0,0,1,1,1250.35,11,331,1,2,2,1,1,215.0,0.0,0.0,0.0,0.0,0.0,15,53,1,0,1
0,65,2,0,1,0,0,2185.36,178,356,3,0,1,1,1,172.0,0.0,1.0,1.0,1.0,1.0,32,76,0,1,0
0,21,1,0,1,0,0,2559.03,111,310,2,3,0,2,2,140.0,0.0,0.0,1.0,0.0,1.0,37,8,0,1,0
1,60,1,0,0,0,0,1468.07,35,346,2,3,1,0,0,322.0,2.0,0.0,0.0,1.0,1.0,9,118,1,0,0
1,30,0,1,0,0,0,1353.42,5,203,2,1,0,0,1,215.0,0.0,0.0,0.0,0.0,0.0,47,314,1,0,1
0,56,0,0,1,0,0,2082.19,55,343,0,1,2,3,2,289.0,0.0,2.0,0.0,0.0,2.0,32,114,1,0,0
0,53,2,1,0,0,0,817.4200000000001,47,318,1,1,1,0,0,101.0,0.0,0.0,2.0,2.0,0.0,33,104,0,1,0
1,40,0,0,0,1,1,1576.7,91,347,1,1,2,2,2,215.0,0.0,0.0,0.0,0.0,0.0,23,195,1,0,1
0,23,2,0,0,0,1,770.5,94,281,0,0,3,0,0,309.0,0.0,2.0,0.0,0.0,2.0,15,3,0,0,0
1,41,0,0,1,0,0,1482.99,13,304,0,2,3,1,0,356.0,1.0,1.0,0.0,2.0,0.0,30,97,1,0,0
1,61,0,0,0,0,1,398.99,333,333,0,0,1,0,0,215.0,0.0,0.0,0.0,0.0,0.0,16,352,1,0,1
1,50,2,0,0,1,1,762.4399999999999,63,318,1,0,0,0,2,176.0,0.0,0.0,1.0,0.0,1.0,22,102,0,0,0
1,29,1,1,0,0,0,2654.84,19,341,2,0,5,2,0,55.0,1.0,0.0,0.0,0.0,1.0,43,83,0,0,0
0,58,2,0,0,0,1,859.47,35,360,0,0,0,0,2,281.0,1.0,0.0,0.0,1.0,0.0,30,157,1,0,0
0,38,1,0,0,0,0,2185.9300000000003,96,361,2,4,2,0,1,215.0,1.0,0.0,0.0,1.0,0.0,1,12,0,0,0
1,28,0,0,1,0,0,726.73,46,309,0,1,1,0,1,214.0,1.0,1.0,0.0,1.0,1.0,35,318,1,0,0
0,61,1,1,0,0,1,2362.18,40,356,3,3,1,0,2,12.0,0.0,0.0,1.0,0.0,1.0,18,22,0,1,0
0,55,2,0,0,1,0,1649.9,23,278,0,3,2,1,1,290.0,2.0,0.0,0.0,0.0,2.0,15,193,1,0,0
0,46,0,0,1,0,0,2965.09,50,351,2,2,1,2,2,215.0,0.0,0.0,0.0,0.0,0.0,21,227,1,0,1
0,65,1,0,0,0,0,1171.14,34,190,0,2,1,1,0,91.0,0.0,0.0,1.0,1.0,0.0,40,282,0,0,0
0,58,1,0,0,0,0,1887.68,86,357,0,4,2,0,1,310.0,1.0,1.0,0.0,2.0,0.0,2,7,1,0,0
1,20,2,1,0,0,1,1519.14,40,202,1,1,0,2,1,187.0,1.0,0.0,0.0,0.0,1.0,30,127,1,0,0
0,45,0,0,0,1,0,356.39,338,338,1,0,0,0,0,351.0,1.0,0.0,0.0,0.0,1.0,40,328,0,1,0
0,37,0,0,0,1,1,1607.36,3,358,1,1,2,1,2,259.0,0.0,0.0,1.0,1.0,0.0,32,356,0,1,0
1,43,1,0,0,0,0,1968.79,26,349,2,1,1,2,1,78.0,1.0,0.0,0.0,1.0,0.0,28,282,0,1,0
1,41,1,0,0,1,1,980.71,156,306,0,1,0,0,3,215.0,0.0,0.0,0.0,0.0,0.0,11,142,1,0,1
0,69,1,0,1,0,1,1319.11,30,340,1,2,1,1,0,161.0,1.0,0.0,0.0,1.0,0.0,7,28,1,0,0
1,64,0,1,0,0,0,2220.26,22,355,2,1,3,2,1,171.0,1.0,0.0,1.0,1.0,1.0,1,128,0,0,0
0,38,1,0,0,0,1,2672.69,3,319,2,1,1,3,0,258.0,1.0,0.0,0.0,0.0,1.0,43,197,0,0,0
0,47,1,0,0,1,0,208.67,85,85,0,0,0,0,1,231.0,0.0,1.0,1.0,1.0,1.0,28,127,0,0,0
0,21,0,0,0,1,0,92.62,343,343,0,0,0,1,0,6.0,0.0,0.0,1.0,1.0,0.0,39,334,0,1,0
0,53,0,0,1,0,1,832.85,55,318,0,1,0,0,3,161.0,1.0,1.0,0.0,1.0,1.0,19,197,0,0,0
0,57,2,0,0,1,1,1469.67,70,356,2,1,1,2,0,207.0,0.0,1.0,0.0,1.0,0.0,39,290,1,0,0
1,27,0,0,1,0,1,2395.72,61,301,1,2,1,3,1,4.0,0.0,0.0,1.0,1.0,0.0,32,129,0,1,0
1,27,0,1,0,0,1,489.07,214,214,0,1,0,0,0,214.0,1.0,0.0,0.0,0.0,1.0,49,216,1,0,0
1,59,2,0,0,0,0,2940.59,26,346,2,2,1,2,2,302.0,0.0,2.0,0.0,0.0,2.0,30,330,0,1,0
0,41,0,0,1,0,1,13.04,51,51,0,0,0,0,1,224.0,1.0,1.0,0.0,2.0,0.0,2,3,0,1,0
0,21,2,0,0,1,0,525.02,161,249,1,0,1,0,0,300.0,0.0,0.0,1.0,1.0,0.0,44,298,1,0,0
0,64,0,0,0,1,1,1511.87,125,315,1,1,0,1,2,215.0,0.0,0.0,0.0,0.0,0.0,43,269,1,0,1
0,44,2,1,0,0,1,459.39,254,254,1,0,0,0,0,28.0,0.0,0.0,1.0,1.0,0.0,37,358,1,0,0
0,68,1,0,1,0,0,461.36,38,272,1,1,1,0,0,87.0,0.0,0.0,1.0,0.0,1.0,19,37,1,0,0
0,62,1,0,0,0,1,1096.16,48,330,2,1,2,0,0,215.0,0.0,0.0,0.0,0.0,0.0,26,12,0,0,1
0,21,1,0,0,1,0,2123.87,19,280,3,1,3,2,0,355.0,0.0,2.0,0.0,1.0,1.0,1,198,0,0,0
0,49,2,0,1,0,1,734.74,37,325,1,0,0,2,0,289.0,0.0,0.0,1.0,0.0,1.0,42,263,0,0,0
1,27,1,0,0,1,1,865.97,6,332,1,0,1,1,0,215.0,0.0,0.0,0.0,0.0,0.0,28,64,1,0,1
1,28,0,0,0,0,0,1170.04,103,348,4,1,1,0,2,122.0,0.0,1.0,1.0,0.0,2.0,26,168,1,0,0
0,45,2,0,1,0,0,1562.83,28,254,2,3,2,0,0,215.0,0.0,0.0,0.0,0.0,0.0,40,123,0,0,1
0,63,0,0,0,1,0,1117.33,132,357,1,1,1,1,0,205.0,0.0,1.0,0.0,0.0,1.0,35,341,1,0,0
0,25,0,0,0,0,0,605.79,208,363,0,1,0,0,2,227.0,0.0,1.0,1.0,1.0,1.0,3,199,0,1,0
1,57,0,0,1,0,0,2069.7,92,293,3,0,1,1,2,215.0,0.0,0.0,0.0,0.0,0.0,26,212,1,0,1
0,39,2,0,1,0,0,1217.78,55,341,0,1,3,1,1,215.0,0.0,0.0,0.0,0.0,0.0,33,178,0,0,1
0,51,0,1,0,0,0,1423.1,130,309,2,1,0,1,1,146.0,0.0,1.0,0.0,0.0,1.0,22,312,1,0,0
0,62,1,0,0,0,1,1209.94,192,351,1,2,0,1,0,261.0,0.0,0.0,1.0,1.0,0.0,6,263,0,0,0
0,52,2,0,1,0,0,836.33,45,236,2,0,1,1,0,264.0,1.0,0.0,1.0,1.0,1.0,42,42,1,0,0
0,52,1,1,0,0,1,1563.95,105,331,1,1,1,3,2,160.0,0.0,0.0,1.0,1.0,0.0,34,16,1,0,0
1,42,2,0,1,0,1,2016.68,27,257,1,0,2,1,1,66.0,0.0,1.0,0.0,1.0,0.0,3,162,1,0,0
1,51,0,0,0,1,0,1362.86,21,250,0,1,0,4,0,215.0,0.0,0.0,0.0,0.0,0.0,17,102,1,0,1
0,23,1,1,0,0,1,1683.13,155,332,0,1,2,1,2,215.0,0.0,0.0,0.0,0.0,0.0,6,230,0,0,1
0,58,2,0,1,0,1,1026.59,16,357,1,0,1,1,2,215.0,0.0,0.0,0.0,0.0,0.0,42,122,0,0,1
1,54,0,0,0,1,0,512.1899999999999,24,298,1,0,0,1,0,200.0,0.0,2.0,0.0,1.0,1.0,5,272,0,1,0
0,18,0,0,0,1,1,615.0699999999999,17,29,1,1,0,0,0,39.0,0.0,0.0,2.0,1.0,1.0,20,204,0,1,0
0,29,2,0,0,1,0,2217.85,33,312,1,3,2,1,1,66.0,1.0,0.0,1.0,0.0,2.0,1,285,0,1,0
0,52,2,1,0,0,1,30.48,206,206,0,0,0,0,1,215.0,0.0,0.0,0.0,0.0,0.0,24,47,0,0,1
0,23,2,0,0,1,1,403.33,6,6,0,0,1,0,0,9.0,0.0,0.0,1.0,0.0,1.0,9,107,0,0,0
0,34,2,0,0,0,0,1572.74,76,230,1,2,0,2,1,157.0,1.0,1.0,0.0,0.0,2.0,15,96,0,1,0
0,26,1,0,1,0,1,2429.7,11,332,1,2,1,2,2,330.0,0.0,2.0,0.0,1.0,1.0,37,25,0,1,0
0,19,2,0,0,0,1,209.68,246,246,0,0,1,0,0,215.0,0.0,0.0,0.0,0.0,0.0,18,339,0,0,1
0,35,0,0,0,1,0,1882.08,30,313,2,0,0,3,1,113.0,0.0,0.0,1.0,1.0,0.0,22,287,1,0,0
0,66,1,0,0,1,0,960.99,117,279,2,0,0,1,0,215.0,0.0,0.0,0.0,0.0,0.0,11,297,0,1,1
0,53,0,0,0,0,1,261.24,207,207,0,0,0,1,0,278.0,0.0,0.0,1.0,0.0,1.0,38,30,0,0,0
0,45,0,1,0,0,1,1714.09,99,354,1,1,1,1,4,215.0,0.0,0.0,0.0,0.0,0.0,3,86,0,0,1
0,58,2,0,0,1,0,1305.25,156,315,2,0,2,1,1,53.0,0.0,1.0,0.0,0.0,1.0,29,130,0,1,0
0,54,1,0,0,1,1,9.8,40,40,0,0,0,0,1,359.0,0.0,0.0,2.0,1.0,1.0,46,57,0,0,0
0,66,2,0,0,0,0,926.53,148,280,0,1,0,1,2,360.0,0.0,1.0,1.0,2.0,0.0,32,77,0,1,0
0,43,0,0,0,1,0,1298.95,19,263,2,1,2,0,1,91.0,0.0,0.0,1.0,1.0,0.0,34,90,1,0,0
0,21,2,0,0,1,1,925.58,91,304,1,1,0,2,0,163.0,0.0,1.0,1.0,2.0,0.0,8,316,0,1,0
0,57,2,1,0,0,0,948.96,237,361,0,1,2,0,0,129.0,1.0,0.0,0.0,1.0,0.0,34,225,1,0,0
0,53,2,1,0,0,0,695.73,105,172,0,1,0,1,1,22.0,0.0,0.0,1.0,0.0,1.0,5,247,1,0,0
0,68,2,1,0,0,1,288.26,197,197,0,0,0,0,1,215.0,0.0,0.0,0.0,0.0,0.0,9,169,0,0,1
0,48,2,1,0,0,0,2285.6,25,361,4,1,1,2,1,215.0,0.0,0.0,0.0,0.0,0.0,17,242,0,0,1
0,47,2,1,0,0,1,1416.68,12,270,2,1,0,1,0,289.0,1.0,0.0,0.0,1.0,0.0,20,57,0,0,0
0,67,1,0,0,1,1,1791.69,13,315,1,0,1,2,3,215.0,0.0,0.0,0.0,0.0,0.0,42,69,0,0,1
0,51,2,0,1,0,1,1400.5,62,325,2,2,0,0,1,2.0,0.0,0.0,1.0,1.0,0.0,27,259,1,0,0
0,36,1,0,0,1,0,1058.14,17,243,1,1,0,2,0,215.0,0.0,0.0,0.0,0.0,0.0,5,179,1,0,1
1,35,2,0,0,1,1,592.9,97,312,1,1,0,2,1,295.0,2.0,0.0,0.0,2.0,0.0,46,177,0,0,0
0,47,1,0,1,0,1,283.16,283,355,0,1,0,1,0,314.0,0.0,1.0,1.0,0.0,2.0,29,191,0,1,0
0,38,0,0,0,0,1,34.91,68,68,0,0,0,1,0,215.0,0.0,0.0,0.0,0.0,0.0,11,195,1,0,1
0,20,1,0,1,0,1,536.29,67,136,1,0,0,0,1,149.0,0.0,0.0,1.0,0.0,1.0,26,285,0,0,0
1,23,1,1,0,0,0,601.31,51,276,0,1,0,1,0,347.0,1.0,0.0,0.0,0.0,1.0,23,83,0,0,0
0,55,0,0,0,1,0,649.71,98,363,1,3,1,2,1,215.0,0.0,0.0,0.0,0.0,0.0,18,337,0,0,1
0,30,2,1,0,0,1,467.83,172,354,1,0,0,1,1,329.0,2.0,0.0,0.0,0.0,2.0,20,212,0,1,0
0,62,2,0,1,0,0,2145.44,10,361,1,1,1,2,3,215.0,0.0,0.0,0.0,0.0,0.0,44,111,0,1,1
0,20,1,0,0,0,0,477.46,138,138,1,0,0,0,0,215.0,0.0,0.0,0.0,0.0,0.0,21,294,1,0,1
0,65,2,0,0,0,0,823.75,12,179,0,0,1,0,1,351.0,1.0,1.0,0.0,1.0,1.0,26,323,1,0,0
0,45,2,0,0,1,1,2007.24,26,340,0,1,3,3,2,241.0,1.0,1.0,0.0,1.0,1.0,32,62,1,0,0
0,39,0,0,1,0,0,61.98,211,211,0,0,1,0,0,241.0,0.0,1.0,1.0,0.0,2.0,1,41,1,0,0
1,57,2,1,0,0,0,839.3,20,352,1,2,0,1,0,237.0,0.0,0.0,1.0,1.0,0.0,2,296,0,1,0
0,57,2,1,0,0,0,1369.7,59,331,2,1,1,0,2,133.0,2.0,0.0,0.0,0.0,2.0,4,311,0,0,0
0,29,1,0,0,0,0,553.79,38,73,0,1,0,1,0,70.0,2.0,0.0,0.0,0.0,2.0,41,92,1,0,0
0,40,2,0,0,1,0,605.89,107,271,2,0,0,0,1,215.0,0.0,0.0,0.0,0.0,0.0,10,280,0,1,1
0,48,2,0,1,0,1,403.37,2,253,0,1,0,0,1,90.0,1.0,0.0,1.0,1.0,1.0,28,126,0,1,0
0,35,1,1,0,0,0,848.26,33,327,1,0,2,0,2,215.0,0.0,0.0,0.0,0.0,0.0,49,258,0,0,1
0,24,1,0,0,0,0,2361.19,36,330,2,1,0,2,3,190.0,0.0,1.0,0.0,0.0,1.0,37,140,1,0,0
0,25,1,0,0,1,1,2582.54,43,350,2,1,1,3,2,215.0,0.0,0.0,0.0,0.0,0.0,17,104,0,0,1
0,36,2,0,0,0,1,908.32,10,223,1,1,1,1,1,240.0,1.0,1.0,0.0,1.0,1.0,30,363,0,1,0
0,46,2,0,0,1,1,1577.44,71,311,2,0,0,0,3,215.0,0.0,0.0,0.0,0.0,0.0,6,25,0,1,1
0,61,2,0,1,0,1,2439.39,52,259,1,1,4,0,1,102.0,1.0,0.0,1.0,1.0,1.0,11,18,0,1,0
0,37,2,0,0,0,0,1719.37,39,298,1,0,1,1,3,203.0,1.0,0.0,0.0,1.0,0.0,11,347,1,0,0
1,67,2,1,0,0,0,756.52,24,165,1,1,0,0,0,259.0,0.0,2.0,0.0,2.0,0.0,2,4,0,0,0
0,59,2,0,0,1,0,135.94,11,11,0,0,0,1,0,215.0,0.0,0.0,0.0,0.0,0.0,20,340,0,0,1
0,47,1,0,0,0,0,608.06,6,110,0,0,0,0,2,215.0,0.0,0.0,0.0,0.0,0.0,34,127,0,1,1
0,64,1,0,0,1,0,13.86,31,31,0,0,0,0,1,215.0,0.0,0.0,0.0,0.0,0.0,41,27,0,0,1
0,39,2,0,0,0,1,682.9399999999999,34,300,1,0,1,0,2,291.0,0.0,1.0,0.0,1.0,0.0,1,252,0,1,0
0,27,0,0,0,0,0,1147.08,53,272,1,0,2,2,1,323.0,1.0,0.0,0.0,0.0,1.0,48,101,0,0,0
0,43,1,0,1,0,1,1022.86,90,279,2,0,1,1,2,218.0,0.0,1.0,0.0,1.0,0.0,27,179,1,0,0
1,68,2,1,0,0,1,2295.76,37,341,0,0,3,4,0,19.0,0.0,1.0,0.0,1.0,0.0,26,90,1,0,0
0,50,1,0,0,0,1,924.63,191,343,0,1,1,0,1,88.0,0.0,1.0,1.0,2.0,0.0,26,158,1,0,0
0,45,0,0,1,0,0,1466.6,56,246,2,2,0,0,2,349.0,1.0,1.0,0.0,1.0,1.0,8,187,0,0,0
0,27,1,0,0,1,0,1980.5,130,349,2,2,2,2,0,148.0,0.0,0.0,1.0,1.0,0.0,29,114,1,0,0
0,46,1,0,0,1,1,1641.62,32,295,0,2,3,1,0,356.0,0.0,0.0,1.0,0.0,1.0,17,358,1,0,0
0,61,1,0,0,0,1,1974.45,10,309,1,2,1,4,1,177.0,1.0,1.0,0.0,1.0,1.0,33,164,0,0,0
0,35,1,1,0,0,1,704.7,220,305,1,0,0,1,0,295.0,1.0,0.0,0.0,1.0,0.0,1,31,1,0,0
0,59,2,0,0,1,1,1376.54,103,354,2,1,2,0,1,275.0,2.0,0.0,0.0,2.0,0.0,24,133,0,0,0
0,18,0,0,0,0,1,2702.27,6,300,3,1,2,2,1,204.0,1.0,0.0,0.0,0.0,1.0,25,252,1,0,0
1,40,2,0,0,1,1,588.68,134,212,1,0,0,0,1,312.0,1.0,0.0,0.0,0.0,1.0,1,161,0,0,0
0,34,1,0,1,0,0,1493.9,60,304,3,1,1,0,0,215.0,2.0,0.0,0.0,1.0,1.0,26,120,0,1,0
1,60,1,0,0,0,1,266.08,291,291,0,0,1,0,0,87.0,0.0,1.0,1.0,1.0,1.0,16,287,1,0,0
0,54,1,0,0,0,1,324.4,243,346,2,0,0,1,0,156.0,0.0,1.0,0.0,0.0,1.0,49,171,1,0,0
0,48,0,0,0,0,1,368.57,280,280,0,1,0,0,0,233.0,1.0,0.0,1.0,1.0,1.0,33,359,0,1,0
0,42,0,0,1,0,1,2316.37,17,359,1,3,1,2,1,215.0,0.0,0.0,0.0,0.0,0.0,28,169,0,0,1
0,21,2,0,0,0,1,780.1800000000001,24,278,2,0,1,1,0,280.0,0.0,1.0,1.0,1.0,1.0,45,112,1,0,0
1,69,1,0,0,0,0,2282.8900000000003,11,254,3,1,2,2,1,72.0,1.0,0.0,0.0,0.0,1.0,24,348,0,0,0
0,26,0,0,1,0,1,2154.17,66,320,1,1,3,1,2,232.0,1.0,0.0,0.0,1.0,0.0,36,242,0,1,0
0,45,1,0,0,1,0,1731.26,32,343,0,3,1,1,3,241.0,1.0,1.0,0.0,2.0,0.0,14,280,1,0,0
0,47,2,0,1,0,1,2348.41,6,339,0,3,3,0,3,215.0,0.0,0.0,0.0,0.0,0.0,49,256,0,0,1
1,64,2,1,0,0,1,469.14,57,295,0,0,0,1,1,279.0,1.0,1.0,0.0,1.0,1.0,5,139,0,0,0
0,41,0,0,1,0,0,1514.16,64,359,3,2,2,2,0,332.0,1.0,0.0,0.0,1.0,0.0,27,364,1,0,0
0,50,2,0,0,1,1,286.8,246,246,0,1,0,0,0,229.0,0.0,0.0,2.0,2.0,0.0,14,125,0,0,0
1,37,0,0,0,0,0,1188.84,20,311,2,0,3,1,2,193.0,0.0,1.0,0.0,1.0,0.0,24,63,1,0,0
0,26,1,0,0,0,0,2518.16,1,361,4,0,2,1,1,215.0,0.0,0.0,0.0,0.0,0.0,46,349,0,1,1
0,25,0,0,1,0,0,2197.79,2,253,1,2,2,1,1,241.0,1.0,0.0,0.0,0.0,1.0,28,106,0,0,0
0,41,2,1,0,0,0,1939.2,17,293,4,0,1,1,0,215.0,0.0,0.0,0.0,0.0,0.0,8,348,1,0,1
0,31,1,0,1,0,0,3352.34,23,322,2,0,2,4,1,4.0,0.0,0.0,1.0,0.0,1.0,35,327,0,1,0
0,35,2,1,0,0,0,1239.81,9,337,2,1,0,1,2,134.0,0.0,1.0,1.0,1.0,1.0,47,192,1,0,0
0,18,1,0,1,0,1,1454.45,3,323,0,1,1,1,2,147.0,0.0,2.0,0.0,2.0,0.0,35,199,0,1,0
0,29,1,1,0,0,0,35.85,189,189,0,0,0,0,1,239.0,1.0,1.0,0.0,1.0,1.0,23,66,0,1,0
0,46,1,1,0,0,1,267.09,236,241,1,0,0,1,0,315.0,1.0,0.0,0.0,0.0,1.0,13,235,1,0,0
0,54,1,0,0,0,1,2143.59,20,332,4,2,0,1,2,215.0,0.0,0.0,0.0,0.0,0.0,47,6,1,0,1
0,43,2,1,0,0,0,133.2,263,263,0,0,0,0,1,243.0,0.0,1.0,0.0,0.0,1.0,17,122,0,1,0
0,50,0,0,0,0,0,1143.8,38,337,1,1,1,0,1,208.0,1.0,0.0,0.0,1.0,0.0,31,306,0,1,0
0,60,1,0,1,0,0,2366.3,6,364,2,0,2,1,3,266.0,0.0,1.0,1.0,1.0,1.0,10,234,1,0,0
0,32,2,0,1,0,1,1333.6,31,333,2,0,1,0,1,149.0,1.0,1.0,0.0,1.0,1.0,36,131,0,1,0
0,40,2,0,1,0,0,1582.08,109,345,2,1,0,2,3,84.0,1.0,0.0,0.0,1.0,0.0,29,160,1,0,0
0,46,2,0,1,0,0,1172.66,86,345,1,1,0,3,1,215.0,0.0,0.0,0.0,0.0,0.0,16,204,0,0,1
1,38,0,0,1,0,1,1087.62,47,183,1,0,2,1,0,311.0,0.0,0.0,1.0,1.0,0.0,33,166,0,1,0
0,36,2,0,0,0,0,2467.11,16,326,2,0,2,4,1,43.0,0.0,0.0,1.0,1.0,0.0,14,305,0,0,0
0,22,2,0,1,0,1,800.5600000000001,85,334,0,2,0,0,2,351.0,1.0,1.0,0.0,1.0,1.0,7,132,1,0,0
0,40,0,1,0,0,0,339.17,311,314,0,1,0,1,0,99.0,1.0,0.0,1.0,1.0,1.0,33,5,0,1,0
1,53,2,0,0,1,1,1338.28,225,347,0,0,2,1,1,215.0,0.0,0.0,0.0,0.0,0.0,3,129,0,0,1
0,37,2,0,0,0,0,773.11,162,326,0,1,1,1,1,275.0,0.0,0.0,1.0,1.0,0.0,26,69,0,1,0
0,25,0,1,0,0,1,47.52,5,5,0,1,0,0,0,70.0,1.0,0.0,1.0,0.0,2.0,39,62,0,1,0
1,26,0,0,0,1,0,1787.4199999999998,34,344,2,1,2,2,1,215.0,0.0,0.0,0.0,0.0,0.0,5,132,1,0,1
1,31,0,0,0,1,0,522.89,123,321,0,0,1,2,0,215.0,0.0,0.0,0.0,0.0,0.0,23,271,1,0,1
0,23,1,0,0,0,1,281.95,43,43,0,0,0,1,0,215.0,0.0,0.0,0.0,0.0,0.0,33,316,0,0,1
0,18,0,1,0,0,0,1990.15,55,333,3,3,0,1,0,215.0,0.0,0.0,0.0,0.0,0.0,30,163,0,0,1
0,26,1,0,0,1,0,1533.34,14,340,1,0,2,0,4,189.0,0.0,0.0,1.0,1.0,0.0,33,119,0,0,0
0,33,1,0,0,1,1,1960.83,86,341,3,1,0,1,3,340.0,0.0,0.0,1.0,1.0,0.0,43,27,0,1,0
0,33,0,0,0,0,1,2346.48,6,241,1,3,1,3,0,156.0,1.0,1.0,0.0,1.0,1.0,25,173,1,0,0
1,29,1,0,1,0,0,680.27,14,133,0,1,1,0,0,154.0,1.0,1.0,0.0,1.0,1.0,22,162,1,0,0
1,22,2,0,0,1,1,865.73,25,137,0,0,0,2,1,247.0,2.0,0.0,0.0,0.0,2.0,1,238,1,0,0
0,57,2,0,0,0,0,2322.98,14,326,1,1,0,3,4,215.0,0.0,0.0,0.0,0.0,0.0,10,235,1,0,1
0,46,0,0,0,0,0,1678.12,35,326,1,1,0,1,3,99.0,0.0,1.0,0.0,1.0,0.0,23,83,1,0,0
0,63,1,1,0,0,1,568.35,4,224,1,0,0,1,0,148.0,0.0,0.0,1.0,1.0,0.0,33,212,0,1,0
0,44,2,0,0,0,1,2309.85,37,364,3,2,0,1,2,215.0,0.0,0.0,0.0,0.0,0.0,39,287,1,0,1
0,28,1,0,0,0,0,1273.36,56,364,1,0,1,2,0,197.0,1.0,1.0,0.0,1.0,1.0,28,131,0,1,0
1,64,1,0,1,0,1,609.5799999999999,186,305,1,0,1,0,0,355.0,0.0,1.0,1.0,1.0,1.0,43,142,0,0,0
0,67,2,0,0,1,0,1645.76,14,316,1,1,1,3,1,172.0,1.0,1.0,0.0,2.0,0.0,8,123,1,0,0
1,45,0,1,0,0,1,2787.1,14,337,3,0,1,1,4,337.0,1.0,0.0,0.0,1.0,0.0,27,64,0,0,0
0,69,1,0,0,0,0,508.49,73,354,0,0,0,2,1,215.0,0.0,0.0,0.0,0.0,0.0,5,309,1,0,1
0,53,2,1,0,0,0,2017.78,113,303,0,1,1,2,4,145.0,2.0,0.0,0.0,1.0,1.0,15,2,0,1,0
1,59,0,0,0,1,0,2722.74,23,354,1,0,4,2,2,284.0,1.0,0.0,0.0,0.0,1.0,48,128,0,0,0
0,36,1,0,0,0,0,2101.4,33,284,0,2,2,1,2,223.0,1.0,1.0,0.0,1.0,1.0,22,78,1,0,0
0,52,1,0,0,0,0,1524.84,49,296,0,1,3,3,2,63.0,0.0,1.0,0.0,0.0,1.0,35,345,0,0,0
0,69,1,1,0,0,0,1426.2,77,326,1,1,1,1,2,95.0,0.0,0.0,1.0,0.0,1.0,30,144,1,0,0
1,48,1,0,1,0,0,87.02,257,257,0,1,0,0,0,215.0,0.0,0.0,0.0,0.0,0.0,48,102,0,1,1
0,61,0,0,0,1,1,184.86,317,317,0,1,0,0,0,215.0,0.0,0.0,0.0,0.0,0.0,44,0,0,1,1
0,36,1,0,0,1,1,1592.61,215,350,2,1,0,1,1,248.0,0.0,1.0,1.0,0.0,2.0,33,290,0,1,0
0,63,2,0,0,1,1,1497.89,17,297,1,1,3,2,0,176.0,0.0,1.0,0.0,1.0,0.0,30,118,1,0,0
0,41,2,0,0,0,0,354.64,173,173,0,1,0,0,0,324.0,0.0,0.0,1.0,1.0,0.0,36,196,1,0,0
0,19,2,0,0,0,1,1442.26,55,309,2,1,0,1,1,278.0,1.0,1.0,0.0,0.0,2.0,16,252,1,0,0
0,24,0,0,0,0,1,873.63,65,179,0,0,2,0,1,215.0,0.0,0.0,0.0,0.0,0.0,38,52,0,1,1
0,60,2,1,0,0,1,1282.72,76,305,1,0,2,0,0,86.0,1.0,0.0,1.0,1.0,1.0,23,102,1,0,0
1,66,1,0,0,1,1,1254.4299999999998,50,246,0,2,0,2,1,215.0,0.0,0.0,0.0,0.0,0.0,37,327,1,0,1
0,48,1,0,0,1,0,2140.54,73,353,2,1,1,3,1,304.0,1.0,1.0,0.0,2.0,0.0,37,359,0,1,0
0,34,2,0,0,1,0,594.4200000000001,25,67,1,0,0,1,0,235.0,1.0,0.0,0.0,0.0,1.0,28,15,0,0,0
1,44,0,0,1,0,1,1770.89,9,294,2,2,1,1,1,327.0,0.0,1.0,0.0,1.0,0.0,14,88,0,0,0
0,53,0,0,0,0,0,1329.4499999999998,32,351,0,4,1,0,0,215.0,0.0,0.0,0.0,0.0,0.0,4,271,0,0,1
0,67,1,0,0,1,0,965.41,86,354,0,0,3,3,1,197.0,0.0,0.0,1.0,0.0,1.0,39,98,0,1,0
0,60,1,0,0,1,0,1768.53,89,319,2,0,6,0,1,288.0,1.0,0.0,1.0,1.0,1.0,33,58,0,1,0
0,27,2,0,0,0,0,1465.9299999999998,40,342,1,2,0,3,1,215.0,0.0,0.0,0.0,0.0,0.0,31,112,0,1,1
0,62,0,0,0,0,0,521.56,28,251,1,0,0,1,1,141.0,0.0,1.0,1.0,2.0,0.0,13,139,1,0,0
0,31,2,0,0,1,1,2414.15,203,313,3,1,1,1,2,182.0,1.0,1.0,0.0,1.0,1.0,36,143,0,0,0
0,24,1,1,0,0,0,1361.39,11,354,1,0,0,3,1,175.0,2.0,0.0,0.0,1.0,1.0,10,354,0,0,0
0,56,1,1,0,0,1,148.98,39,39,0,0,0,1,0,240.0,0.0,1.0,1.0,1.0,1.0,47,182,1,0,0
0,57,2,1,0,0,0,233.87,22,257,0,1,0,1,0,250.0,0.0,1.0,0.0,1.0,0.0,31,219,0,1,0
0,26,0,1,0,0,1,1834.48,31,309,2,2,0,1,2,215.0,0.0,0.0,0.0,0.0,0.0,26,15,0,0,1
1,31,1,0,1,0,1,1302.43,84,222,0,0,3,1,1,215.0,0.0,0.0,0.0,0.0,0.0,14,28,0,0,1
0,25,1,1,0,0,0,41.19,215,215,0,0,1,0,0,301.0,0.0,2.0,0.0,1.0,1.0,4,52,0,0,0
0,34,0,0,0,1,1,488.45,334,334,1,0,0,0,0,165.0,1.0,0.0,0.0,1.0,0.0,33,288,1,0,0
0,40,1,0,0,1,0,543.99,119,257,1,1,0,1,0,210.0,0.0,2.0,0.0,1.0,1.0,47,104,0,1,0
0,33,0,0,0,1,1,1698.21,39,362,2,2,2,0,2,215.0,0.0,0.0,0.0,0.0,0.0,13,102,0,1,1
0,43,0,1,0,0,1,2131.01,25,351,0,3,2,1,1,265.0,1.0,0.0,0.0,1.0,0.0,48,255,0,1,0
0,26,1,0,0,0,0,1373.54,39,320,2,0,3,0,2,313.0,1.0,0.0,1.0,0.0,2.0,41,314,1,0,0
0,53,2,0,0,1,1,1920.61,24,350,3,1,1,3,0,238.0,0.0,1.0,1.0,1.0,1.0,34,315,1,0,0
1,24,1,1,0,0,0,2560.36,0,274,1,2,2,0,3,41.0,1.0,0.0,0.0,0.0,1.0,43,64,0,0,0
0,35,1,0,1,0,1,412.55,93,93,0,0,1,0,0,69.0,0.0,0.0,1.0,1.0,0.0,35,194,0,0,0
0,25,1,0,1,0,0,1115.64,122,314,1,1,2,0,1,215.0,0.0,0.0,0.0,0.0,0.0,28,206,0,1,1
0,38,1,0,0,1,1,387.51,21,39,2,0,0,0,0,215.0,0.0,0.0,0.0,0.0,0.0,31,25,0,0,1
0,43,2,0,0,0,1,1002.46,65,319,2,1,1,1,0,156.0,0.0,1.0,1.0,1.0,1.0,30,218,1,0,0
0,20,2,0,1,0,0,1516.93,110,350,1,2,1,0,2,255.0,0.0,1.0,1.0,1.0,1.0,32,79,0,0,0
0,34,2,1,0,0,0,169.69,1,1,0,1,0,0,0,215.0,0.0,0.0,0.0,0.0,0.0,13,30,0,1,1
0,68,0,1,0,0,1,1461.03,24,362,1,0,2,1,3,215.0,0.0,0.0,0.0,0.0,0.0,41,114,0,0,1
0,63,2,0,1,0,0,1460.65,89,242,0,1,0,2,2,252.0,1.0,0.0,1.0,0.0,2.0,34,234,0,0,0
1,41,0,0,0,1,1,1527.63,14,248,1,1,1,1,1,215.0,0.0,0.0,0.0,0.0,0.0,8,114,0,1,1
0,42,1,0,0,1,1,364.46,136,156,0,0,0,1,1,156.0,1.0,0.0,1.0,1.0,1.0,42,171,0,0,0
0,22,2,0,1,0,1,2341.48,23,322,3,0,1,0,4,195.0,1.0,0.0,0.0,0.0,1.0,25,74,1,0,0
0,54,2,1,0,0,0,346.54,154,154,0,0,1,0,0,215.0,0.0,0.0,0.0,0.0,0.0,33,255,1,0,1
0,62,2,0,0,0,0,472.88,5,96,1,1,0,0,0,215.0,0.0,0.0,0.0,0.0,0.0,10,171,1,0,1
0,67,2,1,0,0,0,565.79,13,241,0,1,0,1,1,257.0,1.0,1.0,0.0,2.0,0.0,40,8,0,1,0
0,41,2,0,0,0,1,2402.0,38,335,3,2,3,0,1,285.0,1.0,0.0,0.0,0.0,1.0,34,39,0,0,0
0,48,1,0,0,0,1,1730.33,74,355,4,1,1,2,0,285.0,1.0,1.0,0.0,0.0,2.0,44,200,0,1,0
0,43,2,0,1,0,1,2767.15,93,275,1,2,1,3,2,215.0,0.0,0.0,0.0,0.0,0.0,33,355,0,1,1
0,38,0,0,0,1,0,62.87,98,98,0,0,0,0,1,250.0,0.0,1.0,0.0,0.0,1.0,5,293,0,0,0
0,51,0,0,0,0,1,336.72,241,241,1,0,0,0,0,350.0,0.0,2.0,0.0,0.0,2.0,45,310,1,0,0
0,55,2,1,0,0,0,449.87,346,346,0,0,1,0,0,340.0,0.0,1.0,1.0,0.0,2.0,27,169,1,0,0
1,41,0,0,0,1,0,391.36,228,306,0,1,0,1,1,215.0,0.0,0.0,0.0,0.0,0.0,8,266,1,0,1
0,45,2,0,0,1,0,1668.22,23,342,0,1,2,4,0,215.0,0.0,0.0,0.0,0.0,0.0,7,258,1,0,1
0,47,1,1,0,0,0,2166.33,31,348,2,4,1,1,1,215.0,0.0,0.0,0.0,0.0,0.0,22,20,0,1,1
0,51,0,0,1,0,0,1217.08,1,216,2,1,0,0,1,215.0,0.0,0.0,0.0,0.0,0.0,46,47,0,1,1
1,69,2,0,0,1,1,1918.16,65,318,0,2,2,2,2,215.0,0.0,0.0,0.0,0.0,0.0,28,189,1,0,1
0,69,0,0,0,0,1,1104.21,34,318,1,2,0,0,1,256.0,0.0,1.0,0.0,1.0,0.0,9,14,0,1,0
0,40,2,1,0,0,1,818.31,219,354,0,1,2,1,0,215.0,0.0,0.0,0.0,0.0,0.0,31,8,1,0,1
1,25,0,0,0,0,1,1626.7,15,287,1,1,2,2,0,331.0,0.0,0.0,2.0,0.0,2.0,4,68,0,0,0
1,59,1,1,0,0,0,1916.68,37,288,1,2,1,1,1,286.0,0.0,1.0,0.0,0.0,1.0,5,205,0,1,0
0,67,0,1,0,0,0,1109.17,119,330,1,2,1,0,1,345.0,1.0,0.0,1.0,1.0,1.0,13,355,0,0,0
0,27,0,0,0,1,0,2217.28,1,362,3,1,1,2,2,215.0,0.0,0.0,0.0,0.0,0.0,6,1,0,0,1
0,18,0,1,0,0,1,251.46,8,287,1,0,0,1,1,215.0,0.0,0.0,0.0,0.0,0.0,23,348,1,0,1
0,37,0,0,0,1,1,2460.07,4,257,2,2,2,0,3,198.0,1.0,0.0,1.0,1.0,1.0,47,291,1,0,0
0,54,2,1,0,0,0,1635.13,59,353,3,0,2,1,0,184.0,1.0,0.0,0.0,1.0,0.0,35,237,0,0,0
0,35,1,0,0,1,1,2145.93,53,311,0,2,0,4,2,74.0,0.0,0.0,1.0,1.0,0.0,34,335,0,0,0
0,38,1,0,0,1,1,806.96,27,354,0,1,2,2,1,215.0,0.0,0.0,0.0,0.0,0.0,38,41,1,0,1
1,66,0,0,1,0,1,1615.84,45,356,0,3,1,1,0,215.0,0.0,0.0,0.0,0.0,0.0,34,168,0,0,1
0,21,0,0,0,1,0,1184.28,56,331,1,0,2,1,1,192.0,0.0,2.0,0.0,1.0,1.0,11,119,0,1,0
1,60,1,0,0,1,1,1351.01,41,271,3,3,1,0,1,354.0,0.0,1.0,0.0,0.0,1.0,6,205,0,1,0
0,19,1,0,0,1,0,3386.04,153,331,6,0,2,1,0,253.0,0.0,0.0,1.0,1.0,0.0,32,165,0,1,0
1,38,1,0,1,0,1,2624.42,86,306,0,3,4,0,2,334.0,0.0,2.0,0.0,2.0,0.0,35,340,0,1,0
0,54,1,0,0,0,0,1262.48,59,364,0,2,2,1,1,53.0,0.0,1.0,0.0,0.0,1.0,34,283,0,0,0
0,22,0,0,0,0,1,988.39,45,312,0,2,1,0,4,215.0,0.0,0.0,0.0,0.0,0.0,43,262,0,0,1
0,34,1,0,1,0,1,2129.71,11,311,2,1,1,1,2,46.0,0.0,0.0,1.0,1.0,0.0,28,107,0,0,0
0,66,0,0,0,1,0,758.73,60,271,0,0,1,2,1,321.0,1.0,1.0,0.0,1.0,1.0,5,135,1,0,0
0,65,0,0,0,1,0,1624.23,7,290,2,1,2,2,0,94.0,0.0,0.0,2.0,1.0,1.0,34,81,0,0,0
1,28,1,1,0,0,0,393.84,93,93,1,0,0,0,0,215.0,0.0,0.0,0.0,0.0,0.0,33,200,0,0,1
0,63,2,0,0,0,1,1101.11,41,334,0,3,0,1,2,215.0,0.0,0.0,0.0,0.0,0.0,12,38,1,0,1
0,58,0,0,0,1,0,2063.08,41,257,1,1,1,2,2,313.0,0.0,2.0,0.0,1.0,1.0,40,306,1,0,0
1,48,1,0,0,1,1,1483.12,54,270,1,0,1,3,1,2.0,0.0,0.0,1.0,1.0,0.0,44,31,0,1,0
0,45,0,0,0,0,0,1491.8,12,290,1,2,0,0,2,215.0,0.0,0.0,0.0,0.0,0.0,38,359,1,0,1
0,61,2,0,0,1,1,976.0,29,278,1,0,2,1,0,215.0,0.0,0.0,0.0,0.0,0.0,44,124,1,0,1
0,49,1,0,1,0,1,269.73,214,214,0,0,1,0,0,53.0,1.0,0.0,0.0,1.0,0.0,12,84,0,0,0
0,38,0,0,0,1,1,1738.14,23,328,1,1,1,2,1,253.0,0.0,0.0,1.0,0.0,1.0,37,358,1,0,0
0,24,2,0,0,1,0,216.79,223,258,1,0,0,0,1,337.0,0.0,1.0,0.0,1.0,0.0,1,2,0,1,0
0,27,2,0,0,0,1,1554.77,17,276,0,1,2,2,1,267.0,2.0,0.0,0.0,0.0,2.0,40,123,0,0,0
1,45,0,0,1,0,0,763.91,161,343,1,0,0,1,0,215.0,0.0,0.0,0.0,0.0,0.0,5,186,0,1,1
0,65,1,1,0,0,1,458.77,35,83,1,1,0,0,0,357.0,1.0,0.0,0.0,1.0,0.0,2,31,0,0,0
0,53,1,0,0,0,1,2429.2200000000003,64,296,1,3,1,3,1,215.0,0.0,0.0,0.0,0.0,0.0,46,39,1,0,1
0,37,0,1,0,0,1,1317.1799999999998,2,327,1,1,4,1,1,215.0,0.0,0.0,0.0,0.0,0.0,25,260,1,0,1
0,30,2,1,0,0,1,703.3299999999999,42,280,0,1,0,2,1,331.0,1.0,1.0,0.0,0.0,2.0,38,102,0,0,0
0,36,2,0,1,0,0,1336.58,29,294,1,0,1,3,1,215.0,0.0,0.0,0.0,0.0,0.0,25,24,0,1,1
0,67,2,1,0,0,1,551.93,218,325,1,0,0,1,1,207.0,0.0,1.0,0.0,0.0,1.0,48,57,0,0,0
0,28,2,0,1,0,1,2312.7,12,318,3,2,0,2,0,286.0,2.0,0.0,0.0,1.0,1.0,22,191,0,0,0
1,52,0,0,0,1,0,1009.74,287,348,0,1,1,0,2,338.0,1.0,0.0,1.0,0.0,2.0,1,143,1,0,0
1,51,2,0,1,0,1,2325.03,81,333,1,2,2,4,0,103.0,1.0,0.0,1.0,1.0,1.0,25,77,1,0,0
0,61,0,0,0,0,0,1536.61,93,362,3,0,0,1,1,215.0,0.0,0.0,0.0,0.0,0.0,33,71,1,0,1
1,21,1,1,0,0,0,2446.54,4,320,2,2,2,1,2,132.0,0.0,0.0,1.0,0.0,1.0,22,145,0,1,0
1,30,1,0,1,0,1,392.1,274,274,0,0,0,0,1,67.0,1.0,0.0,0.0,0.0,1.0,31,180,0,0,0
1,54,2,0,0,0,1,2027.88,7,336,2,2,1,3,1,358.0,1.0,0.0,0.0,1.0,0.0,19,322,1,0,0
0,19,2,0,1,0,0,1362.35,28,271,1,0,0,2,2,215.0,0.0,0.0,0.0,0.0,0.0,48,151,0,0,1
0,67,2,1,0,0,0,172.81,195,195,0,1,0,0,0,215.0,0.0,0.0,0.0,0.0,0.0,18,196,1,0,1
0,18,1,1,0,0,0,1606.29,64,336,1,1,2,2,0,215.0,0.0,0.0,0.0,0.0,0.0,1,161,0,0,1
0,57,0,0,0,0,0,1639.58,28,362,0,2,1,2,1,215.0,0.0,0.0,0.0,0.0,0.0,19,359,1,0,1
1,42,0,0,0,0,0,612.22,98,337,0,1,0,2,0,215.0,0.0,0.0,0.0,0.0,0.0,14,3,0,0,1
0,54,0,0,0,0,0,1073.98,10,284,2,0,2,0,1,215.0,0.0,0.0,0.0,0.0,0.0,11,354,1,0,1
1,53,2,0,0,0,0,3078.6,48,342,3,1,1,1,3,251.0,0.0,1.0,1.0,1.0,1.0,8,97,0,0,0
0,23,0,0,0,0,0,1894.4,39,246,2,1,2,2,2,212.0,2.0,0.0,0.0,1.0,1.0,18,205,0,0,0
0,24,2,1,0,0,1,1959.29,15,257,1,1,0,3,0,208.0,1.0,0.0,1.0,2.0,0.0,9,168,0,0,0
1,21,1,0,0,1,0,645.75,263,353,0,0,1,1,0,333.0,1.0,1.0,0.0,1.0,1.0,43,325,0,1,0
0,52,0,0,0,0,1,2557.54,52,322,1,3,3,1,1,118.0,0.0,2.0,0.0,1.0,1.0,28,107,0,1,0
0,58,2,0,0,1,1,2090.02,7,345,2,1,3,1,2,215.0,0.0,0.0,0.0,0.0,0.0,11,131,0,0,1
0,51,0,0,0,0,0,2565.36,38,283,1,4,0,3,1,143.0,0.0,1.0,0.0,0.0,1.0,49,62,1,0,0
0,46,1,0,0,0,0,462.44,106,363,0,1,0,1,2,36.0,0.0,0.0,1.0,0.0,1.0,41,24,0,1,0
0,22,0,0,0,0,1,446.32,97,338,2,1,0,0,1,284.0,0.0,1.0,0.0,1.0,0.0,30,320,1,0,0
0,44,0,1,0,0,1,343.51,9,229,0,0,1,2,0,215.0,0.0,0.0,0.0,0.0,0.0,44,3,1,0,1
0,50,1,0,0,1,0,1353.55,12,332,2,1,2,1,0,18.0,0.0,1.0,0.0,1.0,0.0,27,229,1,0,0
0,63,2,1,0,0,0,2333.7200000000003,40,267,2,0,1,1,4,351.0,0.0,1.0,0.0,0.0,1.0,26,227,1,0,0
1,69,2,0,1,0,0,1311.64,35,201,1,0,1,2,2,215.0,0.0,0.0,0.0,0.0,0.0,49,25,0,0,1
1,27,2,0,0,0,0,2008.12,46,316,1,4,0,2,2,110.0,1.0,0.0,0.0,0.0,1.0,12,52,1,0,0
0,23,0,0,0,0,1,2372.58,40,360,1,2,5,0,0,343.0,1.0,1.0,0.0,1.0,1.0,38,70,0,1,0
0,51,0,0,0,1,1,388.31,111,111,1,0,0,0,0,348.0,0.0,1.0,0.0,0.0,1.0,27,63,0,0,0
0,25,2,1,0,0,1,536.31,28,252,1,1,1,0,0,102.0,1.0,0.0,1.0,0.0,2.0,37,137,0,0,0
0,48,2,1,0,0,1,2145.98,34,309,3,1,0,4,0,215.0,0.0,0.0,0.0,0.0,0.0,17,188,0,0,1
0,26,0,1,0,0,1,1639.36,133,306,0,1,1,2,0,163.0,0.0,1.0,0.0,0.0,1.0,46,51,0,0,0
1,38,2,0,0,0,1,2067.57,2,337,2,1,2,1,0,215.0,0.0,0.0,0.0,0.0,0.0,9,218,1,0,1
0,25,2,0,0,1,1,651.88,164,215,0,0,0,1,1,326.0,0.0,1.0,1.0,1.0,1.0,6,201,1,0,0
0,21,0,0,1,0,0,1286.35,115,363,2,2,0,1,1,150.0,0.0,1.0,1.0,1.0,1.0,13,100,0,0,0
0,39,1,0,1,0,0,649.47,245,337,1,1,0,0,0,173.0,0.0,1.0,0.0,0.0,1.0,6,348,1,0,0
0,45,0,1,0,0,0,185.03,176,234,1,1,0,0,0,363.0,2.0,0.0,0.0,1.0,1.0,38,100,0,0,0
0,62,2,0,0,1,0,344.77,85,321,1,1,1,0,0,215.0,0.0,0.0,0.0,0.0,0.0,4,177,0,0,1
1,21,2,1,0,0,1,939.83,22,358,1,1,0,1,2,327.0,1.0,0.0,0.0,0.0,1.0,16,128,1,0,0
0,56,1,1,0,0,1,1099.45,3,353,1,0,2,0,1,209.0,1.0,0.0,0.0,0.0,1.0,36,313,0,1,0
1,38,1,1,0,0,0,452.87,90,272,0,1,0,0,1,140.0,1.0,0.0,1.0,2.0,0.0,43,84,0,1,0
0,25,0,0,1,0,1,575.05,340,344,0,0,1,0,1,133.0,2.0,0.0,0.0,2.0,0.0,14,324,1,0,0
0,37,1,0,1,0,1,716.14,21,345,2,1,0,0,0,215.0,0.0,0.0,0.0,0.0,0.0,29,343,0,1,1
0,49,2,1,0,0,1,2116.14,10,328,3,2,1,2,1,215.0,0.0,0.0,0.0,0.0,0.0,24,32,0,1,1
0,18,2,0,0,1,1,358.67,66,268,2,0,0,0,0,215.0,0.0,0.0,0.0,0.0,0.0,39,120,0,0,1
0,23,2,0,1,0,0,2140.26,9,213,2,0,2,1,3,26.0,1.0,0.0,1.0,1.0,1.0,39,1,1,0,0
0,45,2,1,0,0,0,3027.91,30,298,3,2,1,2,1,361.0,1.0,1.0,0.0,0.0,2.0,45,362,0,0,0
0,61,1,0,1,0,0,1049.96,120,221,2,0,0,1,0,215.0,0.0,0.0,0.0,0.0,0.0,25,329,0,1,1
0,48,2,0,0,0,0,2125.61,33,291,1,2,2,1,1,215.0,0.0,0.0,0.0,0.0,0.0,46,37,0,1,1
0,27,2,0,0,0,1,1822.54,6,193,2,1,1,1,1,275.0,0.0,1.0,0.0,1.0,0.0,46,97,0,0,0
0,37,2,0,1,0,0,393.99,78,256,0,1,1,0,0,215.0,0.0,0.0,0.0,0.0,0.0,3,52,0,1,1
0,25,0,1,0,0,1,2132.54,2,353,1,2,1,0,3,59.0,0.0,1.0,0.0,1.0,0.0,42,325,1,0,0
0,39,0,0,1,0,0,1179.98,17,352,1,0,0,1,1,231.0,0.0,2.0,0.0,1.0,1.0,27,29,1,0,0
0,55,2,0,0,1,1,1722.97,39,364,1,2,1,1,1,215.0,0.0,0.0,0.0,0.0,0.0,12,68,1,0,1
0,46,1,1,0,0,0,2151.66,75,323,3,1,1,2,0,345.0,1.0,0.0,0.0,0.0,1.0,43,138,0,1,0
1,26,1,1,0,0,1,203.34,21,216,0,0,0,1,1,215.0,0.0,0.0,0.0,0.0,0.0,2,11,0,0,1
0,61,0,1,0,0,1,1369.4,6,340,1,4,0,1,0,253.0,0.0,1.0,0.0,1.0,0.0,38,70,1,0,0
1,64,0,1,0,0,1,2160.95,41,332,2,1,1,2,3,215.0,0.0,0.0,0.0,0.0,0.0,26,232,1,0,1
0,18,1,0,0,1,1,1090.13,11,340,4,1,0,0,0,215.0,0.0,0.0,0.0,0.0,0.0,29,202,0,0,1
0,58,0,0,1,0,1,1859.23,25,257,0,0,4,1,2,215.0,0.0,0.0,0.0,0.0,0.0,45,208,1,0,1
1,69,0,0,1,0,1,2436.25,27,344,1,0,0,3,2,209.0,0.0,0.0,2.0,1.0,1.0,30,253,0,1,0
0,56,2,0,0,0,1,1867.21,29,357,1,0,1,3,2,215.0,0.0,0.0,0.0,0.0,0.0,38,199,1,0,1
0,43,1,1,0,0,1,472.36,355,355,0,0,0,0,1,215.0,0.0,0.0,0.0,0.0,0.0,41,34,1,0,1
0,28,2,0,0,0,1,1051.21,78,230,0,0,1,0,2,172.0,0.0,1.0,0.0,1.0,0.0,32,137,1,0,0
0,69,0,0,0,1,0,1550.85,24,231,1,1,2,2,0,70.0,1.0,0.0,0.0,1.0,0.0,38,39,1,0,0
0,52,0,0,1,0,0,2358.04,106,313,1,2,0,1,3,128.0,1.0,1.0,0.0,1.0,1.0,21,149,0,0,0
0,41,0,0,1,0,0,962.48,65,222,2,0,0,1,0,291.0,0.0,1.0,0.0,0.0,1.0,8,250,0,1,0
0,50,0,1,0,0,0,538.06,2,17,0,1,1,0,0,215.0,0.0,0.0,0.0,0.0,0.0,6,339,0,1,1
0,37,1,0,1,0,0,1331.4,57,327,0,2,0,0,3,215.0,0.0,0.0,0.0,0.0,0.0,4,342,0,1,1
1,44,1,0,0,1,1,2437.4,0,300,0,1,1,3,4,91.0,0.0,1.0,0.0,1.0,0.0,17,274,0,0,0
0,32,1,0,0,1,0,1550.26,59,357,2,2,3,2,0,146.0,1.0,0.0,1.0,1.0,1.0,21,174,0,0,0
1,50,1,1,0,0,0,755.9300000000001,122,287,2,0,0,1,1,208.0,0.0,2.0,0.0,0.0,2.0,4,10,0,1,0
1,69,2,0,0,0,1,2373.23,86,282,1,0,2,2,3,162.0,0.0,1.0,0.0,0.0,1.0,35,250,0,1,0
0,24,2,1,0,0,0,715.6,75,208,1,0,1,1,0,100.0,1.0,0.0,0.0,1.0,0.0,30,252,0,0,0
1,51,2,0,0,1,0,402.41,163,165,0,0,0,2,0,215.0,0.0,0.0,0.0,0.0,0.0,27,222,1,0,1
0,62,0,0,1,0,1,232.75,20,66,0,0,0,0,2,195.0,1.0,1.0,0.0,1.0,1.0,12,30,0,1,0
0,68,1,0,1,0,0,407.66,180,219,0,1,0,1,0,159.0,1.0,0.0,0.0,0.0,1.0,48,281,0,0,0
0,63,1,0,1,0,0,1876.36,78,356,4,2,0,0,1,215.0,0.0,0.0,0.0,0.0,0.0,20,74,1,0,1
0,59,1,0,0,1,1,783.96,114,196,0,2,1,1,0,215.0,0.0,0.0,0.0,0.0,0.0,40,319,1,0,1
0,22,2,0,0,0,1,1677.08,135,346,0,1,3,1,2,282.0,1.0,1.0,0.0,1.0,1.0,44,54,1,0,0
0,47,0,1,0,0,1,1709.36,69,356,2,1,0,2,1,251.0,0.0,1.0,1.0,2.0,0.0,41,267,1,0,0
1,45,0,0,0,0,1,1667.53,224,354,0,0,4,0,1,293.0,0.0,1.0,0.0,0.0,1.0,33,47,1,0,0
0,35,0,0,1,0,0,623.49,43,165,0,0,1,1,1,12.0,0.0,0.0,1.0,1.0,0.0,10,274,0,1,0
1,53,2,1,0,0,0,1726.51,17,362,2,2,4,0,0,328.0,1.0,0.0,1.0,1.0,1.0,5,40,0,0,0
1,20,1,0,0,1,0,2356.94,2,340,2,6,0,0,1,176.0,1.0,0.0,1.0,1.0,1.0,11,255,0,0,0
0,38,2,0,0,1,1,1383.59,30,337,2,1,0,3,3,215.0,0.0,0.0,0.0,0.0,0.0,21,78,0,0,1
0,63,1,0,0,0,0,215.12,205,205,0,0,1,0,0,143.0,1.0,1.0,0.0,1.0,1.0,20,252,1,0,0
0,33,0,1,0,0,1,2642.14,34,345,0,2,3,2,1,215.0,0.0,0.0,0.0,0.0,0.0,44,331,0,0,1
0,54,1,0,1,0,0,2959.62,5,363,2,1,3,2,1,106.0,0.0,1.0,0.0,1.0,0.0,9,361,1,0,0
0,59,0,0,0,0,1,2544.69,1,355,1,1,4,2,1,168.0,0.0,1.0,1.0,1.0,1.0,30,205,0,0,0
0,22,0,0,0,1,0,2270.36,110,363,0,0,1,4,3,65.0,0.0,1.0,0.0,1.0,0.0,48,252,1,0,0
0,67,0,1,0,0,0,1346.76,101,252,0,0,3,2,0,215.0,0.0,0.0,0.0,0.0,0.0,4,207,0,0,1
0,68,1,1,0,0,1,1726.9,75,362,0,3,0,2,2,162.0,0.0,1.0,0.0,0.0,1.0,9,75,0,1,0
0,31,2,0,0,1,1,1906.1,5,255,1,2,0,2,2,215.0,0.0,0.0,0.0,0.0,0.0,40,175,1,0,1
0,48,0,0,1,0,1,2347.42,98,349,1,2,3,0,3,217.0,1.0,1.0,0.0,2.0,0.0,3,15,0,1,0
0,63,1,0,1,0,0,865.0,44,220,1,0,1,1,1,239.0,0.0,0.0,1.0,0.0,1.0,38,39,1,0,0
0,41,0,0,0,1,0,2473.79,48,243,3,2,1,1,1,266.0,1.0,1.0,0.0,1.0,1.0,25,111,0,1,0
1,52,1,0,0,1,1,1158.83,70,287,2,0,1,3,3,215.0,0.0,0.0,0.0,0.0,0.0,37,232,0,0,1
0,53,2,0,1,0,1,1476.4,19,307,0,1,2,0,2,215.0,0.0,0.0,0.0,0.0,0.0,30,198,0,0,1
0,27,0,0,0,0,1,437.93,68,144,0,1,1,0,1,157.0,1.0,1.0,0.0,1.0,1.0,31,239,0,1,0
1,44,0,0,0,0,1,1187.98,7,344,3,0,1,0,0,215.0,0.0,0.0,0.0,0.0,0.0,17,352,0,0,1
0,44,0,1,0,0,0,271.99,165,165,0,0,0,0,1,215.0,0.0,0.0,0.0,0.0,0.0,10,89,0,1,1
1,40,2,1,0,0,1,1489.51,12,341,2,0,2,0,1,44.0,1.0,0.0,0.0,0.0,1.0,8,349,0,0,0
0,30,1,0,0,0,1,2463.96,2,287,1,3,3,0,2,116.0,1.0,0.0,0.0,0.0,1.0,2,351,0,0,0
0,33,0,1,0,0,0,110.77,159,159,0,0,0,1,0,152.0,2.0,0.0,0.0,1.0,1.0,32,10,0,1,0
0,52,0,0,0,0,0,1504.22,102,281,0,3,1,1,0,215.0,0.0,0.0,0.0,0.0,0.0,11,24,0,0,1
0,44,2,1,0,0,1,624.87,69,307,0,1,1,0,1,186.0,1.0,0.0,0.0,0.0,1.0,10,81,1,0,0
0,69,1,0,0,0,0,1688.29,17,335,0,2,2,1,2,292.0,1.0,1.0,0.0,2.0,0.0,41,14,1,0,0
0,56,2,1,0,0,1,612.18,35,242,0,0,0,2,1,215.0,0.0,0.0,0.0,0.0,0.0,32,127,1,0,1
1,64,2,1,0,0,0,1239.16,21,192,1,1,0,0,1,45.0,0.0,1.0,0.0,1.0,0.0,24,281,0,0,0
0,34,0,0,0,0,0,481.68,192,267,0,0,0,1,2,328.0,0.0,2.0,0.0,1.0,1.0,7,142,1,0,0
1,65,1,0,1,0,1,1674.35,115,339,1,1,1,3,2,133.0,0.0,1.0,0.0,0.0,1.0,29,139,1,0,0
1,58,0,0,0,0,0,2146.58,23,316,1,1,2,2,1,215.0,0.0,0.0,0.0,0.0,0.0,2,343,1,0,1
1,18,0,0,0,0,1,1025.54,24,346,0,2,1,1,3,314.0,0.0,1.0,1.0,2.0,0.0,16,41,0,0,0
1,28,2,0,0,1,1,244.19,265,265,0,0,0,0,1,35.0,0.0,1.0,0.0,0.0,1.0,31,248,1,0,0
0,29,2,0,1,0,0,694.35,14,70,0,0,1,0,2,306.0,1.0,0.0,0.0,0.0,1.0,12,309,1,0,0
0,31,0,1,0,0,0,204.8,316,363,0,0,0,0,2,155.0,0.0,1.0,0.0,1.0,0.0,32,138,1,0,0
0,25,2,0,1,0,1,754.54,25,317,2,0,1,1,1,186.0,0.0,0.0,1.0,0.0,1.0,47,91,1,0,0
0,48,2,0,1,0,0,1074.25,41,335,2,0,2,2,1,53.0,0.0,0.0,2.0,0.0,2.0,41,263,1,0,0
0,24,1,0,1,0,0,934.44,130,355,0,2,1,1,0,215.0,0.0,0.0,0.0,0.0,0.0,18,42,0,1,1
1,63,0,0,0,1,0,2452.39,9,319,3,0,2,2,2,215.0,0.0,0.0,0.0,0.0,0.0,3,150,0,0,1
0,48,0,0,0,1,1,2416.9,28,346,2,3,2,0,1,215.0,0.0,0.0,0.0,0.0,0.0,16,307,0,1,1
1,33,1,1,0,0,0,1929.48,117,323,1,1,2,1,1,172.0,0.0,1.0,0.0,1.0,0.0,49,45,0,1,0
0,59,2,0,0,0,0,67.65,242,242,0,0,0,0,1,34.0,0.0,0.0,1.0,1.0,0.0,42,349,0,1,0
0,56,1,0,1,0,1,657.3699999999999,75,98,2,0,0,0,1,200.0,0.0,2.0,0.0,1.0,1.0,18,358,1,0,0
1,61,1,1,0,0,0,942.44,96,240,0,0,2,0,0,295.0,0.0,0.0,1.0,0.0,1.0,44,136,0,1,0
0,36,1,1,0,0,1,238.83,233,233,1,0,0,0,0,114.0,1.0,0.0,1.0,1.0,1.0,15,161,0,1,0
0,25,2,0,0,1,1,1060.86,53,254,3,1,1,1,0,326.0,0.0,0.0,1.0,0.0,1.0,41,33,1,0,0
0,46,1,0,0,0,1,1985.72,2,342,0,3,1,1,3,278.0,0.0,2.0,0.0,0.0,2.0,37,57,1,0,0
0,19,0,0,0,0,1,1053.54,93,308,1,2,1,0,0,203.0,1.0,0.0,1.0,0.0,2.0,23,254,0,0,0
0,59,2,0,0,1,0,1574.74,214,316,3,2,0,0,0,288.0,0.0,1.0,0.0,0.0,1.0,26,21,1,0,0
0,20,1,0,1,0,1,1041.72,41,335,1,0,1,0,3,157.0,0.0,0.0,2.0,1.0,1.0,7,95,1,0,0
0,68,1,0,0,1,1,1629.96,73,255,0,3,1,3,1,176.0,0.0,1.0,0.0,1.0,0.0,48,249,1,0,0
0,46,1,1,0,0,1,194.63,89,328,1,0,1,0,0,215.0,0.0,0.0,0.0,0.0,0.0,21,245,0,1,1
0,32,1,0,0,1,0,1874.22,2,361,2,2,3,0,1,97.0,0.0,0.0,1.0,0.0,1.0,29,276,0,1,0
0,55,1,0,0,0,1,2408.65,12,241,3,0,2,2,1,169.0,1.0,1.0,0.0,1.0,1.0,45,37,0,1,0
1,45,1,0,1,0,1,1717.5700000000002,34,336,2,0,2,3,2,305.0,1.0,0.0,1.0,1.0,1.0,7,199,1,0,0
0,54,0,1,0,0,1,1587.38,174,352,0,1,4,0,1,73.0,1.0,0.0,0.0,0.0,1.0,6,138,1,0,0
1,49,2,1,0,0,1,1060.42,3,340,1,3,0,2,1,215.0,0.0,0.0,0.0,0.0,0.0,27,105,1,0,1
1,47,0,0,0,0,1,266.05,56,62,0,0,0,0,2,201.0,0.0,1.0,0.0,1.0,0.0,43,111,0,0,0
0,68,1,0,0,1,1,328.56,152,152,0,0,1,0,0,110.0,0.0,2.0,0.0,1.0,1.0,46,186,0,1,0
1,64,1,1,0,0,1,163.69,238,238,1,0,0,0,0,215.0,0.0,0.0,0.0,0.0,0.0,17,311,0,1,1
0,47,1,0,0,1,1,12.46,353,353,0,0,1,0,0,234.0,1.0,1.0,0.0,1.0,1.0,24,295,0,0,0
0,68,0,1,0,0,1,1028.17,180,311,0,1,2,0,0,296.0,0.0,1.0,0.0,1.0,0.0,28,142,0,1,0
0,51,1,0,0,0,1,759.5699999999999,50,186,0,0,3,0,1,104.0,0.0,0.0,1.0,0.0,1.0,26,183,0,1,0
1,30,0,1,0,0,1,499.67,2,293,0,1,1,0,0,106.0,1.0,0.0,0.0,1.0,0.0,38,123,1,0,0
0,50,2,1,0,0,1,1467.02,22,360,2,2,0,1,2,215.0,0.0,0.0,0.0,0.0,0.0,26,228,1,0,1
0,59,0,0,1,0,0,1245.86,79,348,0,1,0,3,1,287.0,1.0,1.0,0.0,0.0,2.0,40,227,0,1,0
0,34,0,1,0,0,0,392.17,122,122,0,0,0,0,1,26.0,0.0,1.0,0.0,1.0,0.0,1,276,0,0,0
0,20,2,0,0,0,1,1437.17,62,236,2,1,0,2,4,291.0,0.0,0.0,1.0,1.0,0.0,19,315,0,0,0
0,26,1,1,0,0,0,2097.25,146,361,2,2,1,1,3,202.0,1.0,0.0,1.0,0.0,2.0,26,334,0,0,0
0,69,0,0,0,0,0,1567.52,45,346,2,1,1,1,2,215.0,0.0,0.0,0.0,0.0,0.0,35,174,0,0,1
1,28,2,0,0,1,0,1135.3,117,157,0,1,2,1,1,120.0,0.0,1.0,0.0,1.0,0.0,16,24,1,0,0
1,66,0,0,0,0,1,1132.79,108,288,0,2,2,0,2,326.0,0.0,1.0,0.0,0.0,1.0,13,189,0,0,0
0,44,0,0,0,1,0,1658.16,31,312,2,3,0,1,0,231.0,1.0,1.0,0.0,1.0,1.0,10,97,0,1,0
0,45,2,1,0,0,0,2676.26,73,355,1,1,2,3,1,250.0,1.0,1.0,0.0,1.0,1.0,8,140,0,0,0
0,19,0,0,0,0,1,1579.69,8,271,1,2,1,2,2,215.0,0.0,0.0,0.0,0.0,0.0,27,80,0,0,1
0,18,2,0,1,0,0,758.41,171,295,1,0,1,2,0,215.0,0.0,0.0,0.0,0.0,0.0,26,121,0,0,1
0,23,0,0,0,0,0,1160.99,103,320,1,2,1,1,1,310.0,1.0,0.0,0.0,0.0,1.0,3,263,0,0,0
0,42,1,0,0,1,0,1972.94,34,319,1,1,2,0,2,62.0,1.0,0.0,0.0,0.0,1.0,45,129,1,0,0
0,52,2,0,0,1,0,1405.19,123,322,0,1,1,3,0,0.0,1.0,0.0,0.0,0.0,1.0,36,199,1,0,0
0,33,1,0,1,0,1,474.38,351,351,0,1,0,0,0,215.0,0.0,0.0,0.0,0.0,0.0,41,70,1,0,1
0,21,0,0,0,0,0,1442.15,126,359,0,3,1,1,1,297.0,0.0,0.0,1.0,1.0,0.0,8,73,1,0,0
0,64,1,1,0,0,1,1668.59,6,359,0,1,2,0,4,15.0,0.0,1.0,0.0,0.0,1.0,32,211,0,1,0
0,55,2,0,0,0,0,2232.41,59,308,3,0,1,2,2,326.0,1.0,0.0,1.0,1.0,1.0,19,55,0,1,0
0,61,0,0,0,0,0,143.34,56,56,1,0,0,0,0,215.0,0.0,0.0,0.0,0.0,0.0,12,273,1,0,1
0,37,2,0,0,0,0,2587.47,20,363,3,3,0,0,3,69.0,1.0,0.0,0.0,1.0,0.0,45,306,1,0,0
0,42,0,0,1,0,0,77.31,215,215,1,0,0,0,0,328.0,0.0,2.0,0.0,2.0,0.0,45,274,0,0,0
0,24,1,0,1,0,0,1779.5,25,319,2,0,2,1,3,288.0,1.0,1.0,0.0,2.0,0.0,13,182,0,0,0
1,38,1,0,1,0,1,2314.49,102,328,2,1,2,1,3,310.0,1.0,1.0,0.0,1.0,1.0,44,342,1,0,0
0,24,2,0,1,0,1,2461.3,5,338,3,2,2,1,1,207.0,0.0,0.0,2.0,2.0,0.0,48,207,1,0,0
0,46,2,0,1,0,1,923.55,1,336,1,1,2,0,1,215.0,0.0,0.0,0.0,0.0,0.0,45,45,0,0,1
1,69,0,1,0,0,0,308.82,253,253,0,0,0,0,1,165.0,2.0,0.0,0.0,1.0,1.0,7,179,0,1,0
0,24,2,0,0,0,1,864.3,21,239,0,0,1,1,2,82.0,1.0,0.0,0.0,1.0,0.0,47,253,1,0,0
0,20,2,0,0,0,0,1700.3,5,354,0,1,1,3,2,306.0,0.0,0.0,2.0,1.0,1.0,47,122,0,1,0
0,46,1,1,0,0,1,2490.85,18,363,1,3,2,0,3,215.0,0.0,0.0,0.0,0.0,0.0,16,7,0,1,1
0,46,2,1,0,0,1,1463.19,96,304,0,1,1,0,2,215.0,0.0,0.0,0.0,0.0,0.0,32,192,0,0,1
1,56,2,1,0,0,1,1084.11,15,325,1,1,1,1,1,136.0,0.0,1.0,0.0,1.0,0.0,9,108,0,0,0
0,55,0,1,0,0,0,1383.28,37,329,1,3,0,1,0,313.0,0.0,0.0,2.0,1.0,1.0,26,134,1,0,0
0,23,1,0,1,0,1,1240.94,45,334,0,1,2,1,1,343.0,0.0,0.0,1.0,1.0,0.0,48,160,0,0,0
1,63,1,0,0,0,0,534.74,288,351,0,1,0,0,1,215.0,0.0,0.0,0.0,0.0,0.0,40,157,0,1,1
0,27,0,1,0,0,1,1019.67,27,275,1,2,0,0,1,215.0,0.0,0.0,0.0,0.0,0.0,47,155,0,1,1
0,54,1,0,0,1,0,1446.69,14,353,3,1,0,2,3,348.0,0.0,1.0,0.0,1.0,0.0,20,37,1,0,0
0,31,0,1,0,0,0,2281.4700000000003,19,293,2,2,2,2,1,29.0,0.0,2.0,0.0,1.0,1.0,6,87,0,1,0
0,39,0,0,0,0,0,897.51,10,304,0,0,1,2,1,215.0,0.0,0.0,0.0,0.0,0.0,11,341,0,0,1
0,49,2,0,0,1,0,638.06,11,254,0,1,1,0,1,215.0,0.0,0.0,0.0,0.0,0.0,29,9,1,0,1
1,35,2,1,0,0,0,683.19,40,313,2,0,0,0,0,215.0,0.0,0.0,0.0,0.0,0.0,7,354,0,0,1
0,53,0,0,1,0,0,1421.26,38,336,1,2,2,0,0,215.0,0.0,0.0,0.0,0.0,0.0,29,190,0,1,1
0,63,2,0,1,0,0,2154.62,16,347,0,2,3,2,1,176.0,1.0,0.0,0.0,1.0,0.0,43,91,0,0,0
0,69,2,0,0,1,0,1500.44,89,316,2,0,0,1,4,215.0,0.0,0.0,0.0,0.0,0.0,4,353,1,0,1
1,26,1,0,1,0,0,2615.4300000000003,6,360,3,0,4,1,1,340.0,0.0,2.0,0.0,1.0,1.0,24,325,0,0,0
1,43,1,0,0,1,0,55.77,279,279,0,1,0,0,0,72.0,1.0,0.0,0.0,0.0,1.0,3,324,0,1,0
0,39,2,1,0,0,1,489.1,108,162,1,0,0,1,0,215.0,0.0,0.0,0.0,0.0,0.0,12,173,1,0,1
0,63,0,0,0,0,0,273.02,54,203,0,0,0,2,0,215.0,0.0,0.0,0.0,0.0,0.0,35,181,0,1,1
1,55,0,0,0,1,1,994.16,35,180,0,0,2,0,2,215.0,0.0,0.0,0.0,0.0,0.0,8,320,0,0,1
0,40,2,1,0,0,1,2810.28,105,327,2,1,2,1,2,330.0,0.0,2.0,0.0,1.0,1.0,38,13,1,0,0
0,34,2,0,0,1,0,2395.1,60,358,3,0,3,1,2,215.0,0.0,0.0,0.0,0.0,0.0,41,347,1,0,1
1,43,0,0,0,0,1,681.77,74,289,3,1,0,1,0,215.0,0.0,0.0,0.0,0.0,0.0,38,0,0,0,1
0,64,1,0,1,0,0,1289.55,58,364,3,0,2,1,1,204.0,1.0,1.0,0.0,2.0,0.0,15,106,0,0,0
0,55,1,0,1,0,0,948.68,245,337,1,0,2,0,0,215.0,0.0,0.0,0.0,0.0,0.0,5,58,0,1,1
0,19,0,0,0,1,1,1783.47,127,323,2,2,0,1,2,354.0,0.0,2.0,0.0,0.0,2.0,40,229,0,1,0
0,23,2,0,0,0,0,104.0,221,221,1,0,0,0,0,221.0,0.0,0.0,1.0,0.0,1.0,16,279,1,0,0
0,24,1,1,0,0,1,35.24,260,260,0,0,0,0,1,331.0,0.0,1.0,0.0,0.0,1.0,46,363,1,0,0
0,30,0,1,0,0,1,807.48,16,355,0,1,1,1,0,267.0,0.0,0.0,1.0,0.0,1.0,28,93,0,1,0
0,44,2,1,0,0,1,346.94,234,234,1,0,0,0,0,215.0,0.0,0.0,0.0,0.0,0.0,13,163,0,0,1
0,28,2,0,0,1,1,1373.66,26,260,1,2,0,3,0,215.0,0.0,0.0,0.0,0.0,0.0,41,246,0,1,1
0,32,1,0,1,0,0,391.99,218,218,0,1,0,0,0,79.0,1.0,0.0,0.0,0.0,1.0,11,308,0,1,0
0,26,2,0,0,1,0,1159.39,28,296,2,0,1,2,0,327.0,0.0,2.0,0.0,2.0,0.0,37,31,0,0,0
0,25,0,0,0,1,0,1792.54,55,300,3,1,1,3,0,310.0,0.0,1.0,0.0,1.0,0.0,3,294,0,1,0
0,63,0,0,0,1,1,1170.32,7,348,0,4,1,0,3,215.0,0.0,0.0,0.0,0.0,0.0,8,114,0,0,1
0,23,0,1,0,0,0,555.91,143,199,0,0,0,2,0,64.0,0.0,1.0,0.0,0.0,1.0,38,212,1,0,0
1,65,0,0,0,0,1,3220.3,44,358,2,1,3,2,1,285.0,0.0,2.0,0.0,1.0,1.0,47,354,0,0,0
0,60,2,0,0,1,1,1950.63,92,243,0,1,4,2,0,323.0,0.0,1.0,1.0,0.0,2.0,34,242,0,1,0
0,21,0,1,0,0,1,1845.21,75,313,1,2,1,0,2,135.0,0.0,0.0,1.0,0.0,1.0,38,172,0,0,0
0,28,1,0,0,1,1,434.86,96,321,0,1,0,1,0,215.0,0.0,0.0,0.0,0.0,0.0,42,15,1,0,1
0,68,2,0,0,1,1,1551.13,101,364,3,0,2,1,0,347.0,0.0,1.0,1.0,1.0,1.0,24,335,0,1,0
0,45,2,1,0,0,1,921.33,168,266,1,1,2,1,0,215.0,0.0,0.0,0.0,0.0,0.0,18,247,0,1,1
0,43,2,0,0,0,0,814.74,26,225,0,2,0,1,0,179.0,0.0,1.0,0.0,0.0,1.0,25,272,0,1,0
0,21,0,0,0,0,0,2143.56,58,324,1,5,0,1,0,199.0,0.0,1.0,1.0,2.0,0.0,13,212,0,1,0
0,32,2,0,1,0,0,477.73,220,225,1,0,0,1,0,339.0,0.0,0.0,1.0,0.0,1.0,39,68,0,1,0
0,36,0,0,0,1,1,627.29,240,291,1,0,1,0,0,215.0,0.0,0.0,0.0,0.0,0.0,22,78,0,0,1
0,23,0,0,1,0,1,2048.2,9,344,2,2,2,1,1,61.0,1.0,0.0,0.0,1.0,0.0,30,124,1,0,0
0,22,2,1,0,0,0,1252.1,8,297,1,1,1,1,2,215.0,0.0,0.0,0.0,0.0,0.0,30,140,0,0,1
0,35,2,0,0,1,0,1552.44,57,341,0,1,1,2,1,82.0,1.0,0.0,0.0,0.0,1.0,37,240,0,1,0
0,23,0,1,0,0,0,161.07,12,263,1,1,0,0,0,160.0,0.0,0.0,1.0,1.0,0.0,45,325,0,0,0
0,48,2,0,1,0,1,1247.79,105,268,1,1,2,1,1,307.0,0.0,1.0,0.0,1.0,0.0,43,11,0,1,0
0,42,2,1,0,0,0,1559.5,90,334,2,1,2,2,1,215.0,0.0,0.0,0.0,0.0,0.0,15,11,1,0,1
0,21,0,1,0,0,0,1865.72,113,322,4,2,1,1,1,346.0,0.0,0.0,1.0,0.0,1.0,35,15,0,0,0
1,23,0,0,0,0,1,681.14,50,357,0,0,1,0,2,331.0,0.0,0.0,2.0,0.0,2.0,6,350,1,0,0
0,58,2,0,0,1,1,1047.12,61,310,0,0,2,2,1,293.0,1.0,0.0,1.0,1.0,1.0,11,118,0,0,0
0,54,0,0,0,1,0,2165.49,16,329,0,3,3,1,1,181.0,0.0,2.0,0.0,1.0,1.0,28,87,0,1,0
0,67,0,0,0,1,0,576.3,149,252,0,1,1,0,1,147.0,1.0,0.0,0.0,0.0,1.0,30,303,0,1,0
0,42,1,1,0,0,1,2132.05,44,344,0,3,2,2,2,277.0,0.0,1.0,1.0,1.0,1.0,16,232,0,0,0
0,51,2,0,0,0,1,675.36,228,272,0,0,0,3,0,133.0,2.0,0.0,0.0,0.0,2.0,28,220,0,0,0
0,36,2,0,1,0,1,338.97,83,339,1,0,0,0,1,215.0,0.0,0.0,0.0,0.0,0.0,25,85,1,0,1
0,51,2,0,0,1,1,2094.81,29,362,2,2,1,3,1,180.0,1.0,0.0,0.0,1.0,0.0,48,218,1,0,0
0,32,2,1,0,0,0,2317.66,16,293,1,1,2,3,1,202.0,1.0,0.0,0.0,1.0,0.0,30,192,0,1,0
1,67,2,0,0,0,0,583.1,183,303,1,0,0,0,1,215.0,0.0,0.0,0.0,0.0,0.0,45,276,1,0,1
0,25,0,0,0,0,0,1118.41,16,322,1,1,0,0,2,316.0,1.0,1.0,0.0,2.0,0.0,14,156,1,0,0
0,61,2,0,0,1,0,1132.03,79,309,1,2,1,2,0,215.0,0.0,0.0,0.0,0.0,0.0,27,205,0,1,1
0,64,2,0,0,0,0,2639.28,34,319,2,1,4,2,0,215.0,0.0,0.0,0.0,0.0,0.0,48,204,0,1,1
0,66,1,0,0,0,1,604.8199999999999,72,344,0,0,0,2,0,90.0,0.0,0.0,1.0,1.0,0.0,30,13,0,0,0
0,51,0,1,0,0,1,967.08,6,351,0,3,0,1,0,338.0,1.0,1.0,0.0,0.0,2.0,10,29,1,0,0
1,35,2,0,1,0,0,284.57,43,291,0,0,1,1,0,215.0,0.0,0.0,0.0,0.0,0.0,20,328,0,0,1
0,47,2,0,0,0,1,618.27,9,278,1,0,1,0,1,317.0,1.0,0.0,1.0,1.0,1.0,44,308,1,0,0
0,30,2,0,1,0,0,2600.41,26,336,2,2,0,3,1,218.0,0.0,2.0,0.0,1.0,1.0,7,132,0,1,0
0,64,2,0,0,0,0,1172.35,96,354,0,5,0,1,0,2.0,1.0,0.0,0.0,1.0,0.0,34,129,0,1,0
0,50,0,0,0,0,0,2056.76,25,343,2,3,0,2,2,160.0,0.0,2.0,0.0,2.0,0.0,27,24,0,1,0
1,52,1,0,0,0,0,1560.95,45,279,2,0,1,1,2,127.0,1.0,0.0,1.0,1.0,1.0,23,188,1,0,0
0,69,1,0,0,1,1,1122.07,66,302,1,1,0,0,2,215.0,0.0,0.0,0.0,0.0,0.0,46,57,0,1,1
0,41,2,0,0,1,0,539.68,192,278,1,1,0,1,0,215.0,0.0,0.0,0.0,0.0,0.0,45,315,0,1,1
0,43,1,0,0,1,0,2081.7,221,343,2,0,0,2,2,215.0,0.0,0.0,0.0,0.0,0.0,25,144,0,0,1
1,64,1,0,1,0,0,1484.12,53,352,2,0,1,1,1,34.0,0.0,1.0,0.0,1.0,0.0,28,116,0,0,0
0,68,1,0,1,0,1,1725.5,19,218,2,2,0,1,4,182.0,0.0,1.0,1.0,0.0,2.0,18,146,1,0,0
0,61,1,0,0,1,0,575.97,291,314,0,1,1,0,0,225.0,1.0,0.0,0.0,1.0,0.0,13,294,0,1,0
0,59,1,0,1,0,1,477.75,235,235,0,0,0,0,1,292.0,0.0,1.0,1.0,1.0,1.0,13,335,1,0,0
0,64,0,1,0,0,1,1309.22,13,359,3,0,2,0,4,230.0,0.0,1.0,0.0,1.0,0.0,45,358,1,0,0
1,18,0,0,1,0,0,2577.9500000000003,107,339,1,3,2,1,2,296.0,1.0,0.0,0.0,0.0,1.0,34,55,0,0,0
1,30,0,1,0,0,1,693.13,50,211,0,1,2,2,0,111.0,1.0,1.0,0.0,2.0,0.0,14,247,0,0,0
0,27,1,0,0,1,1,496.99,340,340,0,0,0,0,1,215.0,0.0,0.0,0.0,0.0,0.0,28,319,0,0,1
0,36,0,1,0,0,0,1079.2,110,294,2,1,2,0,0,60.0,0.0,0.0,1.0,1.0,0.0,13,24,1,0,0
0,22,1,0,0,1,0,910.23,206,280,1,1,1,0,0,316.0,1.0,1.0,0.0,2.0,0.0,34,175,0,1,0
0,25,1,0,0,1,1,2189.69,9,335,1,1,2,4,0,215.0,0.0,0.0,0.0,0.0,0.0,5,143,0,0,1
0,21,0,0,0,1,0,1068.46,136,312,1,2,0,1,1,215.0,0.0,0.0,0.0,0.0,0.0,40,131,0,0,1
0,66,2,0,1,0,1,1257.45,180,321,0,0,1,3,1,363.0,1.0,0.0,1.0,1.0,1.0,10,219,0,0,0
0,30,1,0,0,0,0,970.67,53,355,0,2,0,2,2,362.0,0.0,1.0,1.0,0.0,2.0,36,335,0,1,0
0,55,1,0,0,0,0,1500.63,18,314,1,0,1,3,2,242.0,1.0,0.0,1.0,1.0,1.0,6,262,1,0,0
0,63,0,1,0,0,0,1124.58,63,212,1,0,0,2,1,183.0,0.0,1.0,1.0,0.0,2.0,21,245,1,0,0
0,66,1,0,0,0,1,1918.91,13,256,2,3,2,0,1,215.0,0.0,0.0,0.0,0.0,0.0,35,177,0,1,1
0,63,1,0,0,1,1,41.49,331,331,1,0,0,0,0,215.0,0.0,0.0,0.0,0.0,0.0,16,37,1,0,1
1,36,1,0,0,0,1,1586.9,29,306,1,1,2,0,1,21.0,0.0,1.0,0.0,1.0,0.0,20,152,0,1,0
0,69,0,1,0,0,0,1647.73,8,311,2,1,0,2,0,312.0,1.0,1.0,0.0,1.0,1.0,31,147,0,0,0
1,67,2,0,0,1,1,1488.0,87,337,1,0,2,3,0,215.0,0.0,0.0,0.0,0.0,0.0,5,100,0,1,1
0,25,2,0,1,0,0,2064.51,50,352,1,1,2,2,3,97.0,1.0,0.0,1.0,1.0,1.0,6,160,1,0,0
0,44,0,0,0,1,0,1563.06,29,347,1,1,2,0,2,274.0,0.0,0.0,1.0,1.0,0.0,2,167,0,0,0
0,67,1,0,0,1,1,2107.59,29,345,1,2,2,1,1,110.0,1.0,0.0,0.0,0.0,1.0,39,73,0,0,0
0,64,2,1,0,0,0,548.61,164,314,0,2,0,0,0,276.0,0.0,0.0,1.0,1.0,0.0,22,337,0,0,0
1,47,0,0,1,0,1,1042.79,77,321,1,1,2,1,0,169.0,0.0,1.0,0.0,0.0,1.0,11,115,0,0,0
0,21,0,0,0,1,0,1133.6799999999998,69,348,0,0,3,3,0,215.0,0.0,0.0,0.0,0.0,0.0,15,143,0,1,1
0,28,1,0,1,0,1,1567.71,85,277,1,0,1,0,2,294.0,0.0,2.0,0.0,1.0,1.0,13,144,1,0,0
0,38,1,0,0,1,0,1960.77,12,152,1,0,1,3,2,281.0,0.0,1.0,0.0,1.0,0.0,33,84,1,0,0
0,60,0,0,0,1,0,2141.4,58,362,1,2,2,3,1,355.0,0.0,2.0,0.0,1.0,1.0,46,112,0,0,0
0,19,0,1,0,0,1,1255.38,37,364,4,1,1,2,0,106.0,2.0,0.0,0.0,1.0,1.0,14,235,0,1,0
1,38,0,0,0,1,1,1041.15,10,234,3,2,0,0,0,215.0,0.0,0.0,0.0,0.0,0.0,39,133,1,0,1
1,34,2,0,0,1,0,1755.6999999999998,0,313,1,2,3,1,1,235.0,1.0,1.0,0.0,2.0,0.0,2,102,0,1,0
0,60,1,0,0,1,1,2782.16,31,270,1,3,2,0,3,141.0,0.0,1.0,0.0,1.0,0.0,10,247,0,1,0
1,68,0,0,0,0,0,441.32,68,303,0,1,1,0,0,303.0,0.0,1.0,1.0,2.0,0.0,42,10,0,1,0
0,46,1,0,1,0,0,1381.17,12,255,2,2,1,0,0,229.0,0.0,1.0,1.0,1.0,1.0,30,147,1,0,0
0,44,2,1,0,0,0,1189.15,167,303,2,1,3,0,0,130.0,0.0,0.0,1.0,1.0,0.0,32,78,0,1,0
0,41,0,1,0,0,0,2430.75,30,355,2,1,1,0,2,249.0,2.0,0.0,0.0,2.0,0.0,9,222,0,1,0
0,66,1,1,0,0,0,993.04,102,239,1,2,1,0,0,50.0,0.0,1.0,0.0,1.0,0.0,48,0,1,0,0
0,20,2,0,0,1,1,2309.95,35,354,3,1,3,1,1,215.0,0.0,0.0,0.0,0.0,0.0,16,325,0,1,1
0,56,0,0,1,0,1,922.22,26,324,0,0,3,1,0,351.0,0.0,0.0,1.0,1.0,0.0,39,2,0,1,0
0,27,1,0,0,0,1,953.95,61,293,3,1,0,2,0,280.0,0.0,2.0,0.0,2.0,0.0,5,218,0,0,0
1,20,0,0,0,0,0,912.13,103,305,0,0,0,2,2,334.0,0.0,1.0,0.0,0.0,1.0,46,362,0,0,0
0,62,1,1,0,0,1,1213.09,9,304,0,2,2,0,1,166.0,1.0,0.0,1.0,1.0,1.0,15,217,1,0,0
0,59,1,0,1,0,1,1621.99,1,360,2,3,0,1,1,215.0,0.0,0.0,0.0,0.0,0.0,4,117,0,1,1
0,43,2,0,0,0,1,504.29,26,179,0,2,0,0,0,313.0,0.0,0.0,2.0,1.0,1.0,24,115,0,0,0
0,54,2,1,0,0,0,2136.39,5,358,3,1,1,3,0,38.0,0.0,1.0,0.0,0.0,1.0,25,47,0,1,0
0,44,2,0,0,0,1,2218.53,20,270,0,3,1,1,2,75.0,0.0,0.0,1.0,1.0,0.0,37,12,0,1,0
0,22,2,0,0,0,1,1100.62,2,274,0,1,2,1,2,204.0,1.0,0.0,0.0,1.0,0.0,24,348,0,1,0
1,59,2,0,1,0,1,421.3,55,138,1,1,1,0,0,185.0,1.0,0.0,0.0,1.0,0.0,42,133,1,0,0
1,28,1,1,0,0,0,1217.41,42,136,0,0,1,2,1,215.0,0.0,0.0,0.0,0.0,0.0,13,306,0,0,1
0,30,2,0,0,0,1,1759.63,85,351,0,4,0,0,2,258.0,0.0,2.0,0.0,1.0,1.0,20,135,1,0,0
0,58,1,0,0,1,0,1482.36,24,352,2,3,1,1,2,215.0,0.0,0.0,0.0,0.0,0.0,5,324,0,0,1
0,51,1,0,0,1,0,1290.08,112,346,2,1,1,0,0,116.0,1.0,0.0,0.0,1.0,0.0,20,317,1,0,0
0,55,0,0,0,0,1,871.11,265,299,0,0,1,1,0,192.0,1.0,0.0,0.0,1.0,0.0,18,267,1,0,0
1,57,1,0,1,0,0,2042.29,12,208,2,0,1,1,3,345.0,1.0,1.0,0.0,2.0,0.0,39,297,0,0,0
0,50,1,0,1,0,1,2206.29,7,317,5,0,1,1,1,215.0,0.0,0.0,0.0,0.0,0.0,49,23,0,1,1
0,51,2,0,0,0,0,1650.27,41,291,3,1,3,1,1,121.0,0.0,1.0,1.0,2.0,0.0,3,223,1,0,0
0,44,1,0,1,0,1,493.38,14,338,0,0,0,1,1,215.0,0.0,0.0,0.0,0.0,0.0,44,132,1,0,1
0,53,2,0,1,0,1,1299.37,66,250,3,1,0,3,1,215.0,0.0,0.0,0.0,0.0,0.0,31,72,1,0,1
0,43,1,0,0,1,0,337.9,134,359,0,2,0,0,2,215.0,0.0,0.0,0.0,0.0,0.0,30,14,0,1,1
0,68,1,1,0,0,1,1295.74,15,348,0,5,2,0,1,45.0,1.0,0.0,0.0,1.0,0.0,41,283,1,0,0
0,42,2,1,0,0,0,985.26,57,223,1,1,1,2,0,126.0,0.0,1.0,0.0,0.0,1.0,24,239,0,1,0
0,36,0,0,0,0,1,566.46,54,166,0,0,0,1,1,215.0,0.0,0.0,0.0,0.0,0.0,5,114,1,0,1
0,38,1,0,0,0,0,304.95,112,322,0,0,1,1,0,214.0,1.0,0.0,0.0,1.0,0.0,20,195,0,0,0
0,48,1,0,0,0,0,2275.24,133,334,3,1,0,2,3,335.0,1.0,0.0,1.0,0.0,2.0,24,336,0,0,0
1,46,2,0,0,1,0,651.38,125,325,0,0,1,1,1,57.0,0.0,0.0,1.0,1.0,0.0,17,0,1,0,0
0,26,2,0,0,1,0,318.01,169,169,0,0,0,1,0,215.0,0.0,0.0,0.0,0.0,0.0,8,330,1,0,1
0,36,0,0,1,0,0,1087.05,27,334,4,3,0,2,0,215.0,0.0,0.0,0.0,0.0,0.0,21,50,0,1,1
1,43,0,0,0,1,1,1099.45,113,311,1,2,2,1,0,220.0,1.0,0.0,0.0,0.0,1.0,14,166,0,0,0
1,42,0,1,0,0,1,2317.93,16,300,2,1,2,0,1,215.0,0.0,0.0,0.0,0.0,0.0,38,83,1,0,1
0,57,1,0,0,1,0,1361.59,55,179,0,1,1,2,0,156.0,0.0,1.0,0.0,0.0,1.0,32,80,1,0,0
0,60,1,0,0,0,1,144.37,144,144,0,0,1,0,0,215.0,0.0,0.0,0.0,0.0,0.0,36,201,1,0,1
0,46,2,1,0,0,1,395.99,69,112,0,1,0,0,1,215.0,0.0,0.0,0.0,0.0,0.0,40,167,0,1,1
1,42,2,0,1,0,0,1417.95,20,353,2,2,0,3,1,185.0,0.0,0.0,1.0,0.0,1.0,4,119,0,0,0
0,36,2,1,0,0,0,1463.62,39,298,1,1,0,0,3,215.0,0.0,0.0,0.0,0.0,0.0,21,131,0,1,1
0,21,0,0,0,1,0,1000.79,52,343,0,1,3,1,0,251.0,0.0,0.0,1.0,0.0,1.0,25,108,0,0,0
0,62,0,0,0,1,0,1521.86,13,323,2,0,1,2,0,253.0,0.0,0.0,1.0,0.0,1.0,45,40,0,0,0
0,37,0,0,1,0,1,825.2,97,310,1,0,1,2,1,39.0,1.0,0.0,0.0,1.0,0.0,1,163,0,0,0
1,63,1,0,0,0,1,1130.44,166,359,0,0,4,2,0,103.0,1.0,1.0,0.0,2.0,0.0,47,208,0,0,0
0,18,1,0,1,0,0,1600.01,57,339,0,3,1,1,2,215.0,0.0,0.0,0.0,0.0,0.0,13,127,0,1,1
0,28,2,0,1,0,1,1729.93,10,313,3,1,3,1,1,126.0,1.0,1.0,0.0,1.0,1.0,16,362,1,0,0
0,21,0,0,1,0,1,1182.6,15,263,0,1,2,1,1,215.0,0.0,0.0,0.0,0.0,0.0,29,186,0,0,1
0,24,1,0,1,0,0,997.83,7,235,0,0,1,0,4,340.0,1.0,0.0,0.0,1.0,0.0,39,190,0,0,0
1,45,0,0,0,1,1,1829.46,17,361,1,1,2,4,0,263.0,0.0,1.0,0.0,0.0,1.0,29,149,0,1,0
0,53,1,0,0,0,1,2806.69,27,350,2,2,0,0,4,147.0,1.0,0.0,0.0,1.0,0.0,12,277,0,0,0
0,24,0,1,0,0,0,1069.53,28,310,2,1,0,1,1,4.0,1.0,0.0,0.0,1.0,0.0,31,327,0,1,0
0,37,1,0,0,0,1,1505.23,28,303,1,2,0,2,1,215.0,0.0,0.0,0.0,0.0,0.0,20,61,0,0,1
0,52,1,0,0,0,1,2238.86,8,341,2,2,1,2,1,215.0,0.0,0.0,0.0,0.0,0.0,35,316,1,0,1
0,68,1,0,1,0,1,1667.48,42,327,0,2,0,3,0,215.0,0.0,0.0,0.0,0.0,0.0,41,103,0,0,1
0,68,1,0,0,0,0,1672.9299999999998,136,340,1,1,1,1,2,323.0,1.0,0.0,1.0,2.0,0.0,28,39,1,0,0
1,56,2,0,1,0,0,690.1600000000001,54,66,0,0,1,1,0,176.0,0.0,1.0,1.0,1.0,1.0,35,362,0,0,0
0,38,0,1,0,0,1,830.54,20,147,0,1,1,2,1,217.0,1.0,0.0,1.0,1.0,1.0,29,345,0,1,0
1,61,1,0,1,0,0,38.12,262,262,1,0,0,0,0,215.0,0.0,0.0,0.0,0.0,0.0,44,133,0,0,1
0,18,1,1,0,0,1,580.18,16,84,0,0,2,0,0,51.0,0.0,0.0,1.0,1.0,0.0,39,336,1,0,0
0,54,0,0,0,0,0,569.13,14,324,3,1,0,0,0,168.0,1.0,0.0,0.0,0.0,1.0,29,99,0,0,0
0,63,1,0,1,0,1,1178.95,154,314,1,1,0,1,0,214.0,1.0,0.0,0.0,0.0,1.0,34,30,0,1,0
0,59,1,0,0,1,0,47.85,60,60,0,0,0,1,0,336.0,0.0,0.0,2.0,1.0,1.0,10,172,0,0,0
0,20,0,1,0,0,1,2656.16,51,363,3,0,2,1,2,308.0,0.0,2.0,0.0,1.0,1.0,37,97,1,0,0
0,51,2,0,0,0,1,524.36,90,197,2,0,1,0,0,215.0,0.0,0.0,0.0,0.0,0.0,48,227,0,1,1
1,30,2,1,0,0,0,379.0,168,168,0,0,0,1,0,211.0,0.0,1.0,0.0,1.0,0.0,7,174,0,0,0
0,33,1,0,1,0,1,224.33,86,112,0,2,0,0,0,161.0,1.0,0.0,1.0,2.0,0.0,9,145,0,1,0
0,51,2,0,0,1,1,2320.9,7,319,1,4,2,0,2,215.0,0.0,0.0,0.0,0.0,0.0,16,160,0,1,1
0,41,2,1,0,0,0,410.36,24,242,1,0,1,0,0,316.0,0.0,2.0,0.0,1.0,1.0,21,218,0,0,0
0,30,1,1,0,0,0,258.79,31,255,1,0,1,0,0,230.0,0.0,0.0,1.0,1.0,0.0,14,229,0,1,0
0,23,1,1,0,0,1,1581.13,14,334,1,0,1,2,2,215.0,0.0,0.0,0.0,0.0,0.0,2,299,1,0,1
0,56,2,0,0,0,1,1031.04,34,363,1,2,1,1,2,254.0,0.0,0.0,2.0,1.0,1.0,26,78,1,0,0
0,19,1,0,0,1,1,1537.15,10,345,2,1,2,1,1,215.0,0.0,0.0,0.0,0.0,0.0,34,286,0,1,1
0,28,1,0,0,1,0,2739.69,110,352,2,4,0,1,2,70.0,0.0,0.0,1.0,0.0,1.0,47,204,0,0,0
0,24,2,0,0,1,0,440.09,167,183,0,0,0,0,2,215.0,0.0,0.0,0.0,0.0,0.0,49,5,0,1,1
0,24,0,1,0,0,1,985.19,21,361,3,0,0,1,2,215.0,0.0,0.0,0.0,0.0,0.0,18,11,0,1,1
0,56,2,1,0,0,1,1858.01,61,344,3,1,1,1,0,215.0,0.0,0.0,0.0,0.0,0.0,12,162,0,1,1
1,56,2,1,0,0,1,1708.06,78,328,1,0,1,1,4,204.0,1.0,1.0,0.0,1.0,1.0,19,16,1,0,0
0,29,2,1,0,0,1,358.81,326,326,0,0,0,1,0,31.0,0.0,0.0,1.0,0.0,1.0,36,347,0,1,0
0,68,1,0,1,0,0,1268.83,69,364,1,2,0,0,1,284.0,1.0,0.0,1.0,1.0,1.0,38,106,1,0,0
0,39,2,0,1,0,1,2710.07,21,352,2,0,4,0,2,215.0,0.0,0.0,0.0,0.0,0.0,16,245,0,1,1
0,68,1,0,0,0,1,868.72,42,278,0,1,0,1,1,215.0,0.0,0.0,0.0,0.0,0.0,46,72,0,1,1
0,68,0,1,0,0,0,488.21,117,117,0,0,1,0,0,212.0,0.0,1.0,1.0,2.0,0.0,8,2,0,0,0
0,69,2,0,0,0,0,2066.71,11,168,2,3,1,2,0,215.0,0.0,0.0,0.0,0.0,0.0,9,29,0,1,1
0,20,0,0,0,1,0,1940.62,3,359,1,1,1,2,3,83.0,0.0,0.0,1.0,1.0,0.0,4,102,1,0,0
0,30,2,1,0,0,0,2189.55,30,341,1,0,3,0,3,215.0,0.0,0.0,0.0,0.0,0.0,36,214,0,1,1
0,47,1,0,1,0,1,2181.62,83,355,1,2,2,1,2,215.0,0.0,0.0,0.0,0.0,0.0,47,148,0,1,1
0,27,0,1,0,0,1,328.09,18,18,0,0,1,0,0,106.0,0.0,1.0,0.0,1.0,0.0,38,173,1,0,0
0,69,2,0,0,1,0,1311.23,93,350,0,1,2,2,2,208.0,0.0,2.0,0.0,2.0,0.0,49,51,1,0,0
0,26,0,0,0,0,0,189.28,106,106,1,0,0,0,0,264.0,1.0,0.0,1.0,1.0,1.0,49,274,0,1,0
0,23,1,1,0,0,1,745.26,49,364,1,2,0,0,0,215.0,0.0,0.0,0.0,0.0,0.0,45,112,0,1,1
0,61,1,0,1,0,1,776.71,71,295,1,1,2,1,2,339.0,1.0,0.0,1.0,0.0,2.0,4,77,0,1,0
0,19,2,0,0,1,1,2069.03,25,311,1,3,1,3,1,181.0,0.0,1.0,0.0,0.0,1.0,8,87,1,0,0
0,61,2,0,0,1,0,2431.03,63,347,2,1,4,2,0,280.0,0.0,2.0,0.0,1.0,1.0,43,356,0,0,0
0,33,0,0,0,0,0,2197.83,52,340,3,0,2,2,0,266.0,1.0,0.0,0.0,1.0,0.0,7,132,0,0,0
0,30,1,1,0,0,0,812.28,147,287,3,1,0,0,0,337.0,1.0,1.0,0.0,1.0,1.0,3,295,0,1,0
0,65,1,0,1,0,1,436.94,40,359,0,1,0,1,1,334.0,0.0,0.0,1.0,0.0,1.0,1,118,1,0,0
0,30,2,1,0,0,1,306.88,58,349,2,0,0,0,2,215.0,0.0,0.0,0.0,0.0,0.0,4,339,0,0,1
0,39,1,0,1,0,1,369.47,173,304,1,0,0,0,1,84.0,0.0,1.0,1.0,2.0,0.0,1,305,0,0,0
0,36,1,0,0,0,0,1602.17,4,347,0,2,0,1,2,215.0,0.0,1.0,1.0,0.0,2.0,46,291,0,1,0
0,43,1,0,0,1,0,183.21,88,88,0,0,0,0,1,250.0,0.0,1.0,0.0,0.0,1.0,42,349,0,0,0
0,31,0,0,0,0,1,3026.91,94,355,4,0,3,1,1,192.0,1.0,0.0,1.0,1.0,1.0,38,78,0,0,0
0,48,0,0,0,1,1,983.26,53,264,2,1,0,0,0,333.0,0.0,2.0,0.0,1.0,1.0,37,132,0,0,0
0,46,0,1,0,0,0,1649.0800000000002,91,359,2,1,1,1,2,215.0,0.0,0.0,0.0,0.0,0.0,12,96,0,0,1
0,62,1,0,0,1,0,1403.03,73,364,1,3,1,3,0,79.0,0.0,1.0,0.0,1.0,0.0,42,39,1,0,0
0,59,2,0,1,0,0,2125.28,72,349,3,1,1,2,1,86.0,1.0,0.0,1.0,0.0,2.0,10,132,0,0,0
0,39,2,0,0,0,1,2794.0,70,362,1,3,0,2,3,127.0,0.0,1.0,0.0,0.0,1.0,47,356,1,0,0
1,24,2,0,0,1,1,38.78,154,154,0,0,0,1,0,178.0,0.0,1.0,0.0,0.0,1.0,1,15,0,1,0
0,54,0,0,0,1,0,353.54,5,245,1,2,0,0,0,93.0,0.0,0.0,1.0,1.0,0.0,2,283,1,0,0
0,66,1,1,0,0,1,517.94,166,294,0,0,1,0,1,215.0,0.0,0.0,0.0,0.0,0.0,12,351,0,1,1
0,58,0,1,0,0,0,1040.2,20,283,2,0,2,2,1,329.0,0.0,2.0,0.0,1.0,1.0,39,105,1,0,0
1,44,0,1,0,0,1,762.78,156,264,2,0,0,1,1,150.0,1.0,0.0,0.0,1.0,0.0,48,192,0,0,0
0,48,2,0,1,0,1,1684.39,16,343,2,3,2,0,0,211.0,1.0,0.0,0.0,1.0,0.0,36,37,0,0,0
0,23,2,1,0,0,1,1222.55,66,328,2,1,1,2,2,196.0,0.0,0.0,1.0,0.0,1.0,7,34,1,0,0
1,33,1,0,0,1,0,1235.8,2,174,1,2,1,0,1,215.0,0.0,0.0,0.0,0.0,0.0,38,272,0,1,1
0,55,0,0,1,0,1,54.82,77,77,1,0,0,0,0,215.0,0.0,0.0,0.0,0.0,0.0,25,207,0,1,1
0,55,1,1,0,0,0,1865.09,36,341,2,0,4,1,2,218.0,1.0,0.0,1.0,1.0,1.0,3,25,0,1,0
0,67,0,0,0,1,1,718.24,79,210,1,0,2,0,0,215.0,0.0,0.0,0.0,0.0,0.0,27,332,1,0,1
0,49,1,0,1,0,0,797.14,46,334,2,0,0,1,1,215.0,0.0,0.0,0.0,0.0,0.0,24,137,1,0,1
0,50,0,0,0,1,0,1058.9,143,250,1,0,0,0,2,215.0,0.0,0.0,0.0,0.0,0.0,27,307,0,0,1
0,66,1,1,0,0,0,1915.01,18,302,1,1,3,2,2,49.0,1.0,0.0,0.0,0.0,1.0,6,154,0,0,0
0,34,0,1,0,0,0,267.44,207,207,0,0,1,0,0,128.0,0.0,1.0,1.0,2.0,0.0,25,105,0,0,0
0,50,0,0,1,0,0,1722.8,23,330,2,0,2,2,1,303.0,1.0,1.0,0.0,1.0,1.0,43,153,0,1,0
0,28,2,0,0,0,1,1786.6,16,348,2,1,2,0,2,215.0,0.0,0.0,0.0,0.0,0.0,31,192,1,0,1
0,30,0,0,0,1,1,1176.86,31,270,2,0,2,1,1,215.0,0.0,0.0,0.0,0.0,0.0,44,122,0,0,1
0,47,2,0,0,1,0,1799.36,24,332,3,0,0,3,2,196.0,0.0,1.0,0.0,1.0,0.0,9,235,0,0,0
1,18,1,0,0,0,0,1140.8200000000002,20,333,0,1,1,1,1,215.0,0.0,0.0,0.0,0.0,0.0,39,81,0,0,1
1,47,2,0,0,0,0,1547.47,56,232,2,1,2,2,0,215.0,0.0,0.0,0.0,0.0,0.0,29,17,0,1,1
0,44,0,0,0,1,1,2059.02,85,345,0,1,3,2,3,327.0,0.0,1.0,0.0,0.0,1.0,14,84,0,0,0
0,57,2,0,1,0,0,1778.2,11,206,0,1,1,2,2,163.0,0.0,0.0,1.0,0.0,1.0,36,56,1,0,0
0,40,2,0,0,0,1,1135.0,76,284,0,1,0,1,1,181.0,1.0,0.0,0.0,0.0,1.0,29,143,0,1,0
0,37,1,1,0,0,0,2462.85,62,363,2,4,0,2,1,358.0,0.0,1.0,1.0,0.0,2.0,43,324,0,1,0
1,23,2,0,1,0,1,760.13,184,310,0,1,0,1,0,89.0,0.0,0.0,1.0,0.0,1.0,41,281,0,1,0
1,54,1,0,0,0,0,1930.41,56,190,0,2,1,1,1,215.0,0.0,0.0,0.0,0.0,0.0,38,345,0,0,1
1,37,1,1,0,0,1,157.62,90,90,0,0,0,0,1,215.0,0.0,0.0,0.0,0.0,0.0,22,242,1,0,1
1,54,2,1,0,0,1,1462.34,78,320,1,1,2,0,1,215.0,0.0,0.0,0.0,0.0,0.0,12,208,0,0,1
0,23,0,0,0,1,0,2584.66,89,338,2,2,3,0,1,225.0,0.0,1.0,1.0,1.0,1.0,40,224,0,1,0
0,46,1,0,1,0,0,358.27,163,163,0,0,0,0,1,215.0,0.0,0.0,0.0,0.0,0.0,49,318,1,0,1
0,30,2,0,0,0,0,809.61,207,305,0,0,0,0,2,215.0,0.0,0.0,0.0,0.0,0.0,26,143,0,1,1
0,44,1,1,0,0,0,1985.28,18,332,1,3,0,0,1,168.0,0.0,0.0,1.0,0.0,1.0,46,296,0,0,0
0,67,2,0,0,1,1,350.46,323,323,0,0,1,0,0,209.0,0.0,0.0,1.0,1.0,0.0,28,209,1,0,0
0,37,2,0,0,0,1,74.06,122,122,0,0,0,1,0,282.0,1.0,1.0,0.0,1.0,1.0,21,246,0,1,0
0,30,0,1,0,0,1,282.29,334,334,0,0,0,1,0,309.0,0.0,1.0,0.0,1.0,0.0,27,47,0,0,0
1,56,2,0,0,1,1,939.39,203,286,1,0,0,2,1,282.0,0.0,2.0,0.0,2.0,0.0,33,64,0,1,0
0,25,1,1,0,0,1,2591.57,2,276,1,3,2,1,2,215.0,0.0,0.0,0.0,0.0,0.0,29,156,0,0,1
1,34,1,0,0,1,1,1842.66,80,263,2,1,1,0,3,247.0,1.0,1.0,0.0,1.0,1.0,24,276,0,0,0
0,47,0,0,0,1,0,695.9300000000001,150,324,1,0,1,1,0,43.0,0.0,0.0,1.0,0.0,1.0,32,195,0,1,0
0,18,1,0,1,0,1,394.48,179,179,0,0,0,1,0,215.0,0.0,0.0,0.0,0.0,0.0,6,39,0,1,1
0,41,0,0,0,0,1,1536.43,55,351,3,1,1,1,1,307.0,2.0,0.0,0.0,1.0,1.0,27,271,0,0,0
0,33,2,0,0,1,1,1440.83,7,320,1,3,0,2,0,215.0,0.0,0.0,0.0,0.0,0.0,16,100,0,1,1
0,28,2,1,0,0,0,1539.42,40,345,2,1,1,2,1,215.0,0.0,0.0,0.0,0.0,0.0,36,201,1,0,1
0,21,2,0,0,0,1,398.92,151,330,0,0,0,1,1,78.0,0.0,0.0,1.0,1.0,0.0,47,287,0,1,0
0,21,0,0,0,0,0,1280.1,107,321,3,0,0,1,1,329.0,2.0,0.0,0.0,1.0,1.0,30,210,0,1,0
0,34,1,0,0,0,1,541.1999999999999,117,336,1,1,2,1,0,215.0,0.0,0.0,0.0,0.0,0.0,15,164,0,1,1
0,66,1,0,1,0,1,451.82,60,260,1,1,0,0,1,215.0,0.0,0.0,0.0,0.0,0.0,8,48,0,0,1
1,27,2,0,0,1,0,589.06,109,271,0,1,0,1,1,335.0,0.0,1.0,0.0,0.0,1.0,31,239,0,1,0
1,38,1,0,0,1,1,1416.12,84,306,1,0,2,1,1,215.0,0.0,0.0,0.0,0.0,0.0,9,322,0,0,1
0,55,0,0,0,1,1,956.3,97,286,2,1,1,0,0,215.0,0.0,0.0,0.0,0.0,0.0,42,202,1,0,1
0,66,0,0,0,1,0,1085.17,30,234,0,0,2,2,0,215.0,0.0,0.0,0.0,0.0,0.0,21,253,1,0,1
0,35,0,1,0,0,0,1494.92,69,357,1,1,3,2,0,225.0,1.0,1.0,0.0,1.0,1.0,39,53,1,0,0
0,27,0,0,0,1,1,344.33,340,340,0,1,0,0,0,87.0,0.0,0.0,1.0,0.0,1.0,39,286,0,1,0
0,62,1,0,0,0,1,2580.58,9,354,1,1,3,1,3,301.0,1.0,1.0,0.0,1.0,1.0,43,71,0,1,0
0,33,0,0,0,1,0,2009.32,55,231,2,2,1,0,1,215.0,0.0,0.0,0.0,0.0,0.0,20,164,1,0,1
0,56,1,0,0,1,0,1453.74,16,362,0,1,3,1,1,178.0,1.0,0.0,1.0,1.0,1.0,26,23,0,1,0
0,32,2,0,0,1,0,858.04,122,273,0,1,1,1,0,215.0,0.0,0.0,0.0,0.0,0.0,38,72,1,0,1
0,51,1,0,0,1,0,32.8,198,198,0,0,0,0,1,215.0,0.0,0.0,0.0,0.0,0.0,43,213,0,0,1
0,22,0,0,1,0,1,972.8,76,348,1,2,1,1,0,266.0,1.0,0.0,0.0,0.0,1.0,14,224,1,0,0
0,34,1,0,0,0,1,285.35,203,203,0,0,0,0,1,215.0,0.0,0.0,0.0,0.0,0.0,48,44,1,0,1
0,54,2,0,1,0,0,1553.52,73,313,2,1,0,0,3,242.0,0.0,2.0,0.0,0.0,2.0,41,324,1,0,0
0,25,2,0,0,0,1,964.33,4,83,0,2,0,1,0,89.0,0.0,1.0,1.0,1.0,1.0,21,244,0,0,0
1,41,2,0,0,1,0,1021.08,42,335,0,2,0,1,1,321.0,0.0,2.0,0.0,0.0,2.0,19,271,1,0,0
0,45,1,0,0,1,0,660.3299999999999,4,337,1,0,2,0,0,199.0,0.0,0.0,2.0,2.0,0.0,14,105,1,0,0
0,64,0,0,0,0,1,2348.82,16,285,5,1,2,1,0,191.0,0.0,1.0,1.0,1.0,1.0,9,293,1,0,0
1,25,0,0,0,0,0,213.98,67,67,0,0,1,0,0,227.0,1.0,0.0,0.0,0.0,1.0,42,173,0,0,0
1,40,1,0,1,0,0,2097.75,32,354,0,2,1,0,4,215.0,0.0,0.0,0.0,0.0,0.0,4,229,0,0,1
0,52,0,0,1,0,1,230.71,160,160,1,0,0,0,0,215.0,0.0,0.0,0.0,0.0,0.0,23,247,1,0,1
0,48,0,1,0,0,1,344.12,230,313,0,0,0,1,1,26.0,0.0,0.0,1.0,1.0,0.0,22,348,1,0,0
0,34,1,1,0,0,0,1296.96,63,313,2,0,1,0,1,48.0,1.0,0.0,0.0,0.0,1.0,20,250,1,0,0
1,45,2,0,1,0,1,748.6800000000001,69,299,1,1,2,2,0,290.0,1.0,1.0,0.0,0.0,2.0,19,284,0,1,0
1,65,0,1,0,0,1,283.95,147,299,1,0,1,0,0,215.0,0.0,0.0,0.0,0.0,0.0,19,75,0,0,1
0,65,2,0,1,0,1,1105.44,246,313,0,0,3,0,0,215.0,0.0,0.0,0.0,0.0,0.0,23,66,0,0,1
0,68,0,0,1,0,1,56.53,24,24,0,1,0,0,0,215.0,0.0,0.0,0.0,0.0,0.0,31,74,0,1,1
0,29,2,0,1,0,1,1789.81,37,337,1,1,0,2,2,215.0,0.0,0.0,0.0,0.0,0.0,46,110,0,0,1
1,41,2,1,0,0,1,1892.18,22,279,0,1,2,3,1,215.0,0.0,0.0,0.0,0.0,0.0,19,108,0,0,1
0,32,0,0,0,0,0,557.62,289,361,0,1,1,0,0,215.0,0.0,0.0,0.0,0.0,0.0,44,317,1,0,1
0,57,0,0,0,1,1,772.3399999999999,132,237,1,0,0,2,0,303.0,1.0,0.0,1.0,2.0,0.0,20,326,1,0,0
0,48,1,1,0,0,0,1465.5,51,336,1,2,1,1,2,81.0,1.0,0.0,0.0,0.0,1.0,26,108,0,0,0
1,44,0,0,0,1,0,1711.28,90,305,3,1,0,1,2,159.0,0.0,1.0,0.0,1.0,0.0,6,227,0,1,0
0,52,0,0,0,1,0,2079.5,7,319,0,1,3,2,2,114.0,1.0,0.0,0.0,0.0,1.0,28,241,1,0,0
0,35,1,0,0,0,1,285.43,307,307,0,1,0,0,0,215.0,0.0,0.0,0.0,0.0,0.0,41,99,0,1,1
1,53,2,1,0,0,1,913.21,105,328,0,2,1,3,0,95.0,0.0,0.0,1.0,1.0,0.0,4,194,0,0,0
0,25,1,0,0,1,0,1395.3000000000002,40,303,0,2,0,0,3,214.0,2.0,0.0,0.0,1.0,1.0,49,236,0,0,0
0,63,2,0,0,0,0,1127.04,9,350,2,2,3,1,0,285.0,1.0,0.0,0.0,1.0,0.0,44,244,0,1,0
0,66,1,0,0,0,0,1752.58,9,286,2,1,0,1,1,246.0,0.0,2.0,0.0,1.0,1.0,9,302,0,1,0
0,55,0,0,1,0,0,1392.61,83,339,0,3,1,2,1,363.0,1.0,0.0,1.0,2.0,0.0,49,53,1,0,0
1,22,0,1,0,0,1,1683.65,9,329,2,1,2,1,1,215.0,0.0,0.0,0.0,0.0,0.0,14,206,0,0,1
0,31,2,0,0,1,0,2543.12,33,361,1,4,1,1,2,311.0,1.0,0.0,1.0,0.0,2.0,31,320,0,1,0
1,55,0,0,0,0,1,1530.42,104,348,1,2,1,2,1,149.0,2.0,0.0,0.0,0.0,2.0,29,158,0,1,0
1,37,2,0,0,1,0,483.5,179,179,0,1,0,0,0,104.0,1.0,1.0,0.0,1.0,1.0,49,207,0,0,0
0,61,1,1,0,0,1,801.36,8,156,0,1,0,0,2,215.0,0.0,0.0,0.0,0.0,0.0,22,105,0,1,1
0,26,0,0,1,0,1,311.62,269,269,0,0,1,0,0,92.0,0.0,1.0,0.0,0.0,1.0,9,280,0,1,0
0,50,2,0,0,1,0,81.64,317,317,0,1,0,0,0,215.0,0.0,0.0,0.0,0.0,0.0,11,4,0,1,1
0,35,1,0,1,0,0,1801.34,15,351,2,2,2,0,3,230.0,2.0,0.0,0.0,0.0,2.0,25,161,0,0,0
1,23,0,0,0,0,0,1020.0,4,287,0,2,1,1,1,242.0,0.0,0.0,1.0,1.0,0.0,34,153,0,1,0
0,54,0,0,1,0,0,227.25,160,160,1,0,0,0,0,215.0,0.0,0.0,0.0,0.0,0.0,38,336,0,0,1
0,19,2,0,0,1,1,419.82,67,147,0,0,1,1,0,215.0,0.0,0.0,0.0,0.0,0.0,5,274,0,0,1
0,47,0,1,0,0,1,252.15,104,104,1,0,0,0,0,215.0,0.0,0.0,0.0,0.0,0.0,47,174,0,1,1
0,23,2,0,0,1,1,2393.26,24,345,1,0,2,4,2,215.0,0.0,0.0,0.0,0.0,0.0,23,357,0,1,1
0,34,0,0,0,1,1,1670.79,18,267,2,0,0,2,2,215.0,0.0,0.0,0.0,0.0,0.0,22,140,0,0,1
